Smoke,Baby
Smoker,Boy
Smoker,Boy
Smoker,Boy
Smoker,Boy
Smoker,Boy
Smoker,Boy
Smoker,Boy
Smoker,Boy
Smoker,Boy
Smoker,Boy
Smoker,Boy
Smoker,Boy
Smoker,Boy
Smoker,Boy
Smoker,Boy
Smoker,Boy
Smoker,Boy
Smoker,Boy
Smoker,Boy
Smoker,Boy
Smoker,Boy
Smoker,Boy
Smoker,Boy
Smoker,Boy
Smoker,Boy
Smoker,Boy
Smoker,Boy
Smoker,Boy
Smoker,Boy
Smoker,Boy
Smoker,Boy
Smoker,Boy
Smoker,Boy
Smoker,Boy
Smoker,Boy
Smoker,Boy
Smoker,Boy
Smoker,Boy
Smoker,Boy
Smoker,Boy
Smoker,Boy
Smoker,Boy
Smoker,Boy
Smoker,Boy
Smoker,Boy
Smoker,Boy
Smoker,Boy
Smoker,Boy
Smoker,Boy
Smoker,Boy
Smoker,Boy
Smoker,Boy
Smoker,Boy
Smoker,Boy
Smoker,Boy
Smoker,Boy
Smoker,Boy
Smoker,Boy
Smoker,Boy
Smoker,Boy
Smoker,Boy
Smoker,Boy
Smoker,Boy
Smoker,Boy
Smoker,Boy
Smoker,Boy
Smoker,Boy
Smoker,Boy
Smoker,Boy
Smoker,Boy
Smoker,Boy
Smoker,Boy
Smoker,Boy
Smoker,Boy
Smoker,Boy
Smoker,Boy
Smoker,Boy
Smoker,Boy
Smoker,Boy
Smoker,Boy
Smoker,Boy
Smoker,Boy
Smoker,Boy
Smoker,Boy
Smoker,Boy
Smoker,Boy
Smoker,Boy
Smoker,Boy
Smoker,Boy
Smoker,Boy
Smoker,Boy
Smoker,Boy
Smoker,Boy
Smoker,Boy
Smoker,Boy
Smoker,Boy
Smoker,Boy
Smoker,Boy
Smoker,Boy
Smoker,Boy
Smoker,Boy
Smoker,Boy
Smoker,Boy
Smoker,Boy
Smoker,Boy
Smoker,Boy
Smoker,Boy
Smoker,Boy
Smoker,Boy
Smoker,Boy
Smoker,Boy
Smoker,Boy
Smoker,Boy
Smoker,Boy
Smoker,Boy
Smoker,Boy
Smoker,Boy
Smoker,Boy
Smoker,Boy
Smoker,Boy
Smoker,Boy
Smoker,Boy
Smoker,Boy
Smoker,Boy
Smoker,Boy
Smoker,Boy
Smoker,Boy
Smoker,Boy
Smoker,Boy
Smoker,Boy
Smoker,Boy
Smoker,Boy
Smoker,Boy
Smoker,Boy
Smoker,Boy
Smoker,Boy
Smoker,Boy
Smoker,Boy
Smoker,Boy
Smoker,Boy
Smoker,Boy
Smoker,Boy
Smoker,Boy
Smoker,Boy
Smoker,Boy
Smoker,Boy
Smoker,Boy
Smoker,Boy
Smoker,Boy
Smoker,Boy
Smoker,Boy
Smoker,Boy
Smoker,Boy
Smoker,Boy
Smoker,Boy
Smoker,Boy
Smoker,Boy
Smoker,Boy
Smoker,Boy
Smoker,Boy
Smoker,Boy
Smoker,Boy
Smoker,Boy
Smoker,Boy
Smoker,Boy
Smoker,Boy
Smoker,Boy
Smoker,Boy
Smoker,Boy
Smoker,Boy
Smoker,Boy
Smoker,Boy
Smoker,Boy
Smoker,Boy
Smoker,Boy
Smoker,Boy
Smoker,Boy
Smoker,Boy
Smoker,Boy
Smoker,Boy
Smoker,Boy
Smoker,Boy
Smoker,Boy
Smoker,Boy
Smoker,Boy
Smoker,Boy
Smoker,Boy
Smoker,Boy
Smoker,Boy
Smoker,Boy
Smoker,Boy
Smoker,Boy
Smoker,Boy
Smoker,Boy
Smoker,Boy
Smoker,Boy
Smoker,Boy
Smoker,Boy
Smoker,Boy
Smoker,Boy
Smoker,Boy
Smoker,Boy
Smoker,Boy
Smoker,Boy
Smoker,Boy
Smoker,Boy
Smoker,Boy
Smoker,Boy
Smoker,Boy
Smoker,Boy
Smoker,Boy
Smoker,Boy
Smoker,Boy
Smoker,Boy
Smoker,Boy
Smoker,Boy
Smoker,Boy
Smoker,Boy
Smoker,Boy
Smoker,Boy
Smoker,Boy
Smoker,Boy
Smoker,Boy
Smoker,Boy
Smoker,Boy
Smoker,Boy
Smoker,Boy
Smoker,Boy
Smoker,Boy
Smoker,Boy
Smoker,Boy
Smoker,Boy
Smoker,Boy
Smoker,Boy
Smoker,Boy
Smoker,Boy
Smoker,Boy
Smoker,Boy
Smoker,Boy
Smoker,Boy
Smoker,Boy
Smoker,Boy
Smoker,Boy
Smoker,Boy
Smoker,Boy
Smoker,Boy
Smoker,Boy
Smoker,Boy
Smoker,Boy
Smoker,Boy
Smoker,Boy
Smoker,Boy
Smoker,Boy
Smoker,Boy
Smoker,Boy
Smoker,Girl
Smoker,Girl
Smoker,Girl
Smoker,Girl
Smoker,Girl
Smoker,Girl
Smoker,Girl
Smoker,Girl
Smoker,Girl
Smoker,Girl
Smoker,Girl
Smoker,Girl
Smoker,Girl
Smoker,Girl
Smoker,Girl
Smoker,Girl
Smoker,Girl
Smoker,Girl
Smoker,Girl
Smoker,Girl
Smoker,Girl
Smoker,Girl
Smoker,Girl
Smoker,Girl
Smoker,Girl
Smoker,Girl
Smoker,Girl
Smoker,Girl
Smoker,Girl
Smoker,Girl
Smoker,Girl
Smoker,Girl
Smoker,Girl
Smoker,Girl
Smoker,Girl
Smoker,Girl
Smoker,Girl
Smoker,Girl
Smoker,Girl
Smoker,Girl
Smoker,Girl
Smoker,Girl
Smoker,Girl
Smoker,Girl
Smoker,Girl
Smoker,Girl
Smoker,Girl
Smoker,Girl
Smoker,Girl
Smoker,Girl
Smoker,Girl
Smoker,Girl
Smoker,Girl
Smoker,Girl
Smoker,Girl
Smoker,Girl
Smoker,Girl
Smoker,Girl
Smoker,Girl
Smoker,Girl
Smoker,Girl
Smoker,Girl
Smoker,Girl
Smoker,Girl
Smoker,Girl
Smoker,Girl
Smoker,Girl
Smoker,Girl
Smoker,Girl
Smoker,Girl
Smoker,Girl
Smoker,Girl
Smoker,Girl
Smoker,Girl
Smoker,Girl
Smoker,Girl
Smoker,Girl
Smoker,Girl
Smoker,Girl
Smoker,Girl
Smoker,Girl
Smoker,Girl
Smoker,Girl
Smoker,Girl
Smoker,Girl
Smoker,Girl
Smoker,Girl
Smoker,Girl
Smoker,Girl
Smoker,Girl
Smoker,Girl
Smoker,Girl
Smoker,Girl
Smoker,Girl
Smoker,Girl
Smoker,Girl
Smoker,Girl
Smoker,Girl
Smoker,Girl
Smoker,Girl
Smoker,Girl
Smoker,Girl
Smoker,Girl
Smoker,Girl
Smoker,Girl
Smoker,Girl
Smoker,Girl
Smoker,Girl
Smoker,Girl
Smoker,Girl
Smoker,Girl
Smoker,Girl
Smoker,Girl
Smoker,Girl
Smoker,Girl
Smoker,Girl
Smoker,Girl
Smoker,Girl
Smoker,Girl
Smoker,Girl
Smoker,Girl
Smoker,Girl
Smoker,Girl
Smoker,Girl
Smoker,Girl
Smoker,Girl
Smoker,Girl
Smoker,Girl
Smoker,Girl
Smoker,Girl
Smoker,Girl
Smoker,Girl
Smoker,Girl
Smoker,Girl
Smoker,Girl
Smoker,Girl
Smoker,Girl
Smoker,Girl
Smoker,Girl
Smoker,Girl
Smoker,Girl
Smoker,Girl
Smoker,Girl
Smoker,Girl
Smoker,Girl
Smoker,Girl
Smoker,Girl
Smoker,Girl
Smoker,Girl
Smoker,Girl
Smoker,Girl
Smoker,Girl
Smoker,Girl
Smoker,Girl
Smoker,Girl
Smoker,Girl
Smoker,Girl
Smoker,Girl
Smoker,Girl
Smoker,Girl
Smoker,Girl
Smoker,Girl
Smoker,Girl
Smoker,Girl
Smoker,Girl
Smoker,Girl
Smoker,Girl
Smoker,Girl
Smoker,Girl
Smoker,Girl
Smoker,Girl
Smoker,Girl
Smoker,Girl
Smoker,Girl
Smoker,Girl
Smoker,Girl
Smoker,Girl
Smoker,Girl
Smoker,Girl
Smoker,Girl
Smoker,Girl
Smoker,Girl
Smoker,Girl
Smoker,Girl
Smoker,Girl
Smoker,Girl
Smoker,Girl
Smoker,Girl
Smoker,Girl
Smoker,Girl
Smoker,Girl
Smoker,Girl
Smoker,Girl
Smoker,Girl
Smoker,Girl
Smoker,Girl
Smoker,Girl
Smoker,Girl
Smoker,Girl
Smoker,Girl
Smoker,Girl
Smoker,Girl
Smoker,Girl
Smoker,Girl
Smoker,Girl
Smoker,Girl
Smoker,Girl
Smoker,Girl
Smoker,Girl
Smoker,Girl
Smoker,Girl
Smoker,Girl
Smoker,Girl
Smoker,Girl
Smoker,Girl
Smoker,Girl
Smoker,Girl
Smoker,Girl
Smoker,Girl
Smoker,Girl
Smoker,Girl
Smoker,Girl
Smoker,Girl
Smoker,Girl
Smoker,Girl
Smoker,Girl
Smoker,Girl
Smoker,Girl
Smoker,Girl
Smoker,Girl
Smoker,Girl
Smoker,Girl
Smoker,Girl
Smoker,Girl
Smoker,Girl
Smoker,Girl
Smoker,Girl
Smoker,Girl
Smoker,Girl
Smoker,Girl
Smoker,Girl
Smoker,Girl
Smoker,Girl
Smoker,Girl
Smoker,Girl
Smoker,Girl
Smoker,Girl
Smoker,Girl
Smoker,Girl
Smoker,Girl
Smoker,Girl
Smoker,Girl
Smoker,Girl
Smoker,Girl
Smoker,Girl
Smoker,Girl
Smoker,Girl
Smoker,Girl
Smoker,Girl
Smoker,Girl
Smoker,Girl
Smoker,Girl
Smoker,Girl
Smoker,Girl
Smoker,Girl
Smoker,Girl
Smoker,Girl
Smoker,Girl
Smoker,Girl
Smoker,Girl
Smoker,Girl
Smoker,Girl
Smoker,Girl
Smoker,Girl
Smoker,Girl
Smoker,Girl
Smoker,Girl
Smoker,Girl
Smoker,Girl
Smoker,Girl
Smoker,Girl
Smoker,Girl
Smoker,Girl
Smoker,Girl
Smoker,Girl
Smoker,Girl
Smoker,Girl
Smoker,Girl
Smoker,Girl
Smoker,Girl
Smoker,Girl
Smoker,Girl
Smoker,Girl
Smoker,Girl
Smoker,Girl
Smoker,Girl
Smoker,Girl
Smoker,Girl
Smoker,Girl
Smoker,Girl
Smoker,Girl
Smoker,Girl
Smoker,Girl
Smoker,Girl
Smoker,Girl
Smoker,Girl
Smoker,Girl
Smoker,Girl
Smoker,Girl
Smoker,Girl
Non-Smoker,Boy
Non-Smoker,Boy
Non-Smoker,Boy
Non-Smoker,Boy
Non-Smoker,Boy
Non-Smoker,Boy
Non-Smoker,Boy
Non-Smoker,Boy
Non-Smoker,Boy
Non-Smoker,Boy
Non-Smoker,Boy
Non-Smoker,Boy
Non-Smoker,Boy
Non-Smoker,Boy
Non-Smoker,Boy
Non-Smoker,Boy
Non-Smoker,Boy
Non-Smoker,Boy
Non-Smoker,Boy
Non-Smoker,Boy
Non-Smoker,Boy
Non-Smoker,Boy
Non-Smoker,Boy
Non-Smoker,Boy
Non-Smoker,Boy
Non-Smoker,Boy
Non-Smoker,Boy
Non-Smoker,Boy
Non-Smoker,Boy
Non-Smoker,Boy
Non-Smoker,Boy
Non-Smoker,Boy
Non-Smoker,Boy
Non-Smoker,Boy
Non-Smoker,Boy
Non-Smoker,Boy
Non-Smoker,Boy
Non-Smoker,Boy
Non-Smoker,Boy
Non-Smoker,Boy
Non-Smoker,Boy
Non-Smoker,Boy
Non-Smoker,Boy
Non-Smoker,Boy
Non-Smoker,Boy
Non-Smoker,Boy
Non-Smoker,Boy
Non-Smoker,Boy
Non-Smoker,Boy
Non-Smoker,Boy
Non-Smoker,Boy
Non-Smoker,Boy
Non-Smoker,Boy
Non-Smoker,Boy
Non-Smoker,Boy
Non-Smoker,Boy
Non-Smoker,Boy
Non-Smoker,Boy
Non-Smoker,Boy
Non-Smoker,Boy
Non-Smoker,Boy
Non-Smoker,Boy
Non-Smoker,Boy
Non-Smoker,Boy
Non-Smoker,Boy
Non-Smoker,Boy
Non-Smoker,Boy
Non-Smoker,Boy
Non-Smoker,Boy
Non-Smoker,Boy
Non-Smoker,Boy
Non-Smoker,Boy
Non-Smoker,Boy
Non-Smoker,Boy
Non-Smoker,Boy
Non-Smoker,Boy
Non-Smoker,Boy
Non-Smoker,Boy
Non-Smoker,Boy
Non-Smoker,Boy
Non-Smoker,Boy
Non-Smoker,Boy
Non-Smoker,Boy
Non-Smoker,Boy
Non-Smoker,Boy
Non-Smoker,Boy
Non-Smoker,Boy
Non-Smoker,Boy
Non-Smoker,Boy
Non-Smoker,Boy
Non-Smoker,Boy
Non-Smoker,Boy
Non-Smoker,Boy
Non-Smoker,Boy
Non-Smoker,Boy
Non-Smoker,Boy
Non-Smoker,Boy
Non-Smoker,Boy
Non-Smoker,Boy
Non-Smoker,Boy
Non-Smoker,Boy
Non-Smoker,Boy
Non-Smoker,Boy
Non-Smoker,Boy
Non-Smoker,Boy
Non-Smoker,Boy
Non-Smoker,Boy
Non-Smoker,Boy
Non-Smoker,Boy
Non-Smoker,Boy
Non-Smoker,Boy
Non-Smoker,Boy
Non-Smoker,Boy
Non-Smoker,Boy
Non-Smoker,Boy
Non-Smoker,Boy
Non-Smoker,Boy
Non-Smoker,Boy
Non-Smoker,Boy
Non-Smoker,Boy
Non-Smoker,Boy
Non-Smoker,Boy
Non-Smoker,Boy
Non-Smoker,Boy
Non-Smoker,Boy
Non-Smoker,Boy
Non-Smoker,Boy
Non-Smoker,Boy
Non-Smoker,Boy
Non-Smoker,Boy
Non-Smoker,Boy
Non-Smoker,Boy
Non-Smoker,Boy
Non-Smoker,Boy
Non-Smoker,Boy
Non-Smoker,Boy
Non-Smoker,Boy
Non-Smoker,Boy
Non-Smoker,Boy
Non-Smoker,Boy
Non-Smoker,Boy
Non-Smoker,Boy
Non-Smoker,Boy
Non-Smoker,Boy
Non-Smoker,Boy
Non-Smoker,Boy
Non-Smoker,Boy
Non-Smoker,Boy
Non-Smoker,Boy
Non-Smoker,Boy
Non-Smoker,Boy
Non-Smoker,Boy
Non-Smoker,Boy
Non-Smoker,Boy
Non-Smoker,Boy
Non-Smoker,Boy
Non-Smoker,Boy
Non-Smoker,Boy
Non-Smoker,Boy
Non-Smoker,Boy
Non-Smoker,Boy
Non-Smoker,Boy
Non-Smoker,Boy
Non-Smoker,Boy
Non-Smoker,Boy
Non-Smoker,Boy
Non-Smoker,Boy
Non-Smoker,Boy
Non-Smoker,Boy
Non-Smoker,Boy
Non-Smoker,Boy
Non-Smoker,Boy
Non-Smoker,Boy
Non-Smoker,Boy
Non-Smoker,Boy
Non-Smoker,Boy
Non-Smoker,Boy
Non-Smoker,Boy
Non-Smoker,Boy
Non-Smoker,Boy
Non-Smoker,Boy
Non-Smoker,Boy
Non-Smoker,Boy
Non-Smoker,Boy
Non-Smoker,Boy
Non-Smoker,Boy
Non-Smoker,Boy
Non-Smoker,Boy
Non-Smoker,Boy
Non-Smoker,Boy
Non-Smoker,Boy
Non-Smoker,Boy
Non-Smoker,Boy
Non-Smoker,Boy
Non-Smoker,Boy
Non-Smoker,Boy
Non-Smoker,Boy
Non-Smoker,Boy
Non-Smoker,Boy
Non-Smoker,Boy
Non-Smoker,Boy
Non-Smoker,Boy
Non-Smoker,Boy
Non-Smoker,Boy
Non-Smoker,Boy
Non-Smoker,Boy
Non-Smoker,Boy
Non-Smoker,Boy
Non-Smoker,Boy
Non-Smoker,Boy
Non-Smoker,Boy
Non-Smoker,Boy
Non-Smoker,Boy
Non-Smoker,Boy
Non-Smoker,Boy
Non-Smoker,Boy
Non-Smoker,Boy
Non-Smoker,Boy
Non-Smoker,Boy
Non-Smoker,Boy
Non-Smoker,Boy
Non-Smoker,Boy
Non-Smoker,Boy
Non-Smoker,Boy
Non-Smoker,Boy
Non-Smoker,Boy
Non-Smoker,Boy
Non-Smoker,Boy
Non-Smoker,Boy
Non-Smoker,Boy
Non-Smoker,Boy
Non-Smoker,Boy
Non-Smoker,Boy
Non-Smoker,Boy
Non-Smoker,Boy
Non-Smoker,Boy
Non-Smoker,Boy
Non-Smoker,Boy
Non-Smoker,Boy
Non-Smoker,Boy
Non-Smoker,Boy
Non-Smoker,Boy
Non-Smoker,Boy
Non-Smoker,Boy
Non-Smoker,Boy
Non-Smoker,Boy
Non-Smoker,Boy
Non-Smoker,Boy
Non-Smoker,Boy
Non-Smoker,Boy
Non-Smoker,Boy
Non-Smoker,Boy
Non-Smoker,Boy
Non-Smoker,Boy
Non-Smoker,Boy
Non-Smoker,Boy
Non-Smoker,Boy
Non-Smoker,Boy
Non-Smoker,Boy
Non-Smoker,Boy
Non-Smoker,Boy
Non-Smoker,Boy
Non-Smoker,Boy
Non-Smoker,Boy
Non-Smoker,Boy
Non-Smoker,Boy
Non-Smoker,Boy
Non-Smoker,Boy
Non-Smoker,Boy
Non-Smoker,Boy
Non-Smoker,Boy
Non-Smoker,Boy
Non-Smoker,Boy
Non-Smoker,Boy
Non-Smoker,Boy
Non-Smoker,Boy
Non-Smoker,Boy
Non-Smoker,Boy
Non-Smoker,Boy
Non-Smoker,Boy
Non-Smoker,Boy
Non-Smoker,Boy
Non-Smoker,Boy
Non-Smoker,Boy
Non-Smoker,Boy
Non-Smoker,Boy
Non-Smoker,Boy
Non-Smoker,Boy
Non-Smoker,Boy
Non-Smoker,Boy
Non-Smoker,Boy
Non-Smoker,Boy
Non-Smoker,Boy
Non-Smoker,Boy
Non-Smoker,Boy
Non-Smoker,Boy
Non-Smoker,Boy
Non-Smoker,Boy
Non-Smoker,Boy
Non-Smoker,Boy
Non-Smoker,Boy
Non-Smoker,Boy
Non-Smoker,Boy
Non-Smoker,Boy
Non-Smoker,Boy
Non-Smoker,Boy
Non-Smoker,Boy
Non-Smoker,Boy
Non-Smoker,Boy
Non-Smoker,Boy
Non-Smoker,Boy
Non-Smoker,Boy
Non-Smoker,Boy
Non-Smoker,Boy
Non-Smoker,Boy
Non-Smoker,Boy
Non-Smoker,Boy
Non-Smoker,Boy
Non-Smoker,Boy
Non-Smoker,Boy
Non-Smoker,Boy
Non-Smoker,Boy
Non-Smoker,Boy
Non-Smoker,Boy
Non-Smoker,Boy
Non-Smoker,Boy
Non-Smoker,Boy
Non-Smoker,Boy
Non-Smoker,Boy
Non-Smoker,Boy
Non-Smoker,Boy
Non-Smoker,Boy
Non-Smoker,Boy
Non-Smoker,Boy
Non-Smoker,Boy
Non-Smoker,Boy
Non-Smoker,Boy
Non-Smoker,Boy
Non-Smoker,Boy
Non-Smoker,Boy
Non-Smoker,Boy
Non-Smoker,Boy
Non-Smoker,Boy
Non-Smoker,Boy
Non-Smoker,Boy
Non-Smoker,Boy
Non-Smoker,Boy
Non-Smoker,Boy
Non-Smoker,Boy
Non-Smoker,Boy
Non-Smoker,Boy
Non-Smoker,Boy
Non-Smoker,Boy
Non-Smoker,Boy
Non-Smoker,Boy
Non-Smoker,Boy
Non-Smoker,Boy
Non-Smoker,Boy
Non-Smoker,Boy
Non-Smoker,Boy
Non-Smoker,Boy
Non-Smoker,Boy
Non-Smoker,Boy
Non-Smoker,Boy
Non-Smoker,Boy
Non-Smoker,Boy
Non-Smoker,Boy
Non-Smoker,Boy
Non-Smoker,Boy
Non-Smoker,Boy
Non-Smoker,Boy
Non-Smoker,Boy
Non-Smoker,Boy
Non-Smoker,Boy
Non-Smoker,Boy
Non-Smoker,Boy
Non-Smoker,Boy
Non-Smoker,Boy
Non-Smoker,Boy
Non-Smoker,Boy
Non-Smoker,Boy
Non-Smoker,Boy
Non-Smoker,Boy
Non-Smoker,Boy
Non-Smoker,Boy
Non-Smoker,Boy
Non-Smoker,Boy
Non-Smoker,Boy
Non-Smoker,Boy
Non-Smoker,Boy
Non-Smoker,Boy
Non-Smoker,Boy
Non-Smoker,Boy
Non-Smoker,Boy
Non-Smoker,Boy
Non-Smoker,Boy
Non-Smoker,Boy
Non-Smoker,Boy
Non-Smoker,Boy
Non-Smoker,Boy
Non-Smoker,Boy
Non-Smoker,Boy
Non-Smoker,Boy
Non-Smoker,Boy
Non-Smoker,Boy
Non-Smoker,Boy
Non-Smoker,Boy
Non-Smoker,Boy
Non-Smoker,Boy
Non-Smoker,Boy
Non-Smoker,Boy
Non-Smoker,Boy
Non-Smoker,Boy
Non-Smoker,Boy
Non-Smoker,Boy
Non-Smoker,Boy
Non-Smoker,Boy
Non-Smoker,Boy
Non-Smoker,Boy
Non-Smoker,Boy
Non-Smoker,Boy
Non-Smoker,Boy
Non-Smoker,Boy
Non-Smoker,Boy
Non-Smoker,Boy
Non-Smoker,Boy
Non-Smoker,Boy
Non-Smoker,Boy
Non-Smoker,Boy
Non-Smoker,Boy
Non-Smoker,Boy
Non-Smoker,Boy
Non-Smoker,Boy
Non-Smoker,Boy
Non-Smoker,Boy
Non-Smoker,Boy
Non-Smoker,Boy
Non-Smoker,Boy
Non-Smoker,Boy
Non-Smoker,Boy
Non-Smoker,Boy
Non-Smoker,Boy
Non-Smoker,Boy
Non-Smoker,Boy
Non-Smoker,Boy
Non-Smoker,Boy
Non-Smoker,Boy
Non-Smoker,Boy
Non-Smoker,Boy
Non-Smoker,Boy
Non-Smoker,Boy
Non-Smoker,Boy
Non-Smoker,Boy
Non-Smoker,Boy
Non-Smoker,Boy
Non-Smoker,Boy
Non-Smoker,Boy
Non-Smoker,Boy
Non-Smoker,Boy
Non-Smoker,Boy
Non-Smoker,Boy
Non-Smoker,Boy
Non-Smoker,Boy
Non-Smoker,Boy
Non-Smoker,Boy
Non-Smoker,Boy
Non-Smoker,Boy
Non-Smoker,Boy
Non-Smoker,Boy
Non-Smoker,Boy
Non-Smoker,Boy
Non-Smoker,Boy
Non-Smoker,Boy
Non-Smoker,Boy
Non-Smoker,Boy
Non-Smoker,Boy
Non-Smoker,Boy
Non-Smoker,Boy
Non-Smoker,Boy
Non-Smoker,Boy
Non-Smoker,Boy
Non-Smoker,Boy
Non-Smoker,Boy
Non-Smoker,Boy
Non-Smoker,Boy
Non-Smoker,Boy
Non-Smoker,Boy
Non-Smoker,Boy
Non-Smoker,Boy
Non-Smoker,Boy
Non-Smoker,Boy
Non-Smoker,Boy
Non-Smoker,Boy
Non-Smoker,Boy
Non-Smoker,Boy
Non-Smoker,Boy
Non-Smoker,Boy
Non-Smoker,Boy
Non-Smoker,Boy
Non-Smoker,Boy
Non-Smoker,Boy
Non-Smoker,Boy
Non-Smoker,Boy
Non-Smoker,Boy
Non-Smoker,Boy
Non-Smoker,Boy
Non-Smoker,Boy
Non-Smoker,Boy
Non-Smoker,Boy
Non-Smoker,Boy
Non-Smoker,Boy
Non-Smoker,Boy
Non-Smoker,Boy
Non-Smoker,Boy
Non-Smoker,Boy
Non-Smoker,Boy
Non-Smoker,Boy
Non-Smoker,Boy
Non-Smoker,Boy
Non-Smoker,Boy
Non-Smoker,Boy
Non-Smoker,Boy
Non-Smoker,Boy
Non-Smoker,Boy
Non-Smoker,Boy
Non-Smoker,Boy
Non-Smoker,Boy
Non-Smoker,Boy
Non-Smoker,Boy
Non-Smoker,Boy
Non-Smoker,Boy
Non-Smoker,Boy
Non-Smoker,Boy
Non-Smoker,Boy
Non-Smoker,Boy
Non-Smoker,Boy
Non-Smoker,Boy
Non-Smoker,Boy
Non-Smoker,Boy
Non-Smoker,Boy
Non-Smoker,Boy
Non-Smoker,Boy
Non-Smoker,Boy
Non-Smoker,Boy
Non-Smoker,Boy
Non-Smoker,Boy
Non-Smoker,Boy
Non-Smoker,Boy
Non-Smoker,Boy
Non-Smoker,Boy
Non-Smoker,Boy
Non-Smoker,Boy
Non-Smoker,Boy
Non-Smoker,Boy
Non-Smoker,Boy
Non-Smoker,Boy
Non-Smoker,Boy
Non-Smoker,Boy
Non-Smoker,Boy
Non-Smoker,Boy
Non-Smoker,Boy
Non-Smoker,Boy
Non-Smoker,Boy
Non-Smoker,Boy
Non-Smoker,Boy
Non-Smoker,Boy
Non-Smoker,Boy
Non-Smoker,Boy
Non-Smoker,Boy
Non-Smoker,Boy
Non-Smoker,Boy
Non-Smoker,Boy
Non-Smoker,Boy
Non-Smoker,Boy
Non-Smoker,Boy
Non-Smoker,Boy
Non-Smoker,Boy
Non-Smoker,Boy
Non-Smoker,Boy
Non-Smoker,Boy
Non-Smoker,Boy
Non-Smoker,Boy
Non-Smoker,Boy
Non-Smoker,Boy
Non-Smoker,Boy
Non-Smoker,Boy
Non-Smoker,Boy
Non-Smoker,Boy
Non-Smoker,Boy
Non-Smoker,Boy
Non-Smoker,Boy
Non-Smoker,Boy
Non-Smoker,Boy
Non-Smoker,Boy
Non-Smoker,Boy
Non-Smoker,Boy
Non-Smoker,Boy
Non-Smoker,Boy
Non-Smoker,Boy
Non-Smoker,Boy
Non-Smoker,Boy
Non-Smoker,Boy
Non-Smoker,Boy
Non-Smoker,Boy
Non-Smoker,Boy
Non-Smoker,Boy
Non-Smoker,Boy
Non-Smoker,Boy
Non-Smoker,Boy
Non-Smoker,Boy
Non-Smoker,Boy
Non-Smoker,Boy
Non-Smoker,Boy
Non-Smoker,Boy
Non-Smoker,Boy
Non-Smoker,Boy
Non-Smoker,Boy
Non-Smoker,Boy
Non-Smoker,Boy
Non-Smoker,Boy
Non-Smoker,Boy
Non-Smoker,Boy
Non-Smoker,Boy
Non-Smoker,Boy
Non-Smoker,Boy
Non-Smoker,Boy
Non-Smoker,Boy
Non-Smoker,Boy
Non-Smoker,Boy
Non-Smoker,Boy
Non-Smoker,Boy
Non-Smoker,Boy
Non-Smoker,Boy
Non-Smoker,Boy
Non-Smoker,Boy
Non-Smoker,Boy
Non-Smoker,Boy
Non-Smoker,Boy
Non-Smoker,Boy
Non-Smoker,Boy
Non-Smoker,Boy
Non-Smoker,Boy
Non-Smoker,Boy
Non-Smoker,Boy
Non-Smoker,Boy
Non-Smoker,Boy
Non-Smoker,Boy
Non-Smoker,Boy
Non-Smoker,Boy
Non-Smoker,Boy
Non-Smoker,Boy
Non-Smoker,Boy
Non-Smoker,Boy
Non-Smoker,Boy
Non-Smoker,Boy
Non-Smoker,Boy
Non-Smoker,Boy
Non-Smoker,Boy
Non-Smoker,Boy
Non-Smoker,Boy
Non-Smoker,Boy
Non-Smoker,Boy
Non-Smoker,Boy
Non-Smoker,Boy
Non-Smoker,Boy
Non-Smoker,Boy
Non-Smoker,Boy
Non-Smoker,Boy
Non-Smoker,Boy
Non-Smoker,Boy
Non-Smoker,Boy
Non-Smoker,Boy
Non-Smoker,Boy
Non-Smoker,Boy
Non-Smoker,Boy
Non-Smoker,Boy
Non-Smoker,Boy
Non-Smoker,Boy
Non-Smoker,Boy
Non-Smoker,Boy
Non-Smoker,Boy
Non-Smoker,Boy
Non-Smoker,Boy
Non-Smoker,Boy
Non-Smoker,Boy
Non-Smoker,Boy
Non-Smoker,Boy
Non-Smoker,Boy
Non-Smoker,Boy
Non-Smoker,Boy
Non-Smoker,Boy
Non-Smoker,Boy
Non-Smoker,Boy
Non-Smoker,Boy
Non-Smoker,Boy
Non-Smoker,Boy
Non-Smoker,Boy
Non-Smoker,Boy
Non-Smoker,Boy
Non-Smoker,Boy
Non-Smoker,Boy
Non-Smoker,Boy
Non-Smoker,Boy
Non-Smoker,Boy
Non-Smoker,Boy
Non-Smoker,Boy
Non-Smoker,Boy
Non-Smoker,Boy
Non-Smoker,Boy
Non-Smoker,Boy
Non-Smoker,Boy
Non-Smoker,Boy
Non-Smoker,Boy
Non-Smoker,Boy
Non-Smoker,Boy
Non-Smoker,Boy
Non-Smoker,Boy
Non-Smoker,Boy
Non-Smoker,Boy
Non-Smoker,Boy
Non-Smoker,Boy
Non-Smoker,Boy
Non-Smoker,Boy
Non-Smoker,Boy
Non-Smoker,Boy
Non-Smoker,Boy
Non-Smoker,Boy
Non-Smoker,Boy
Non-Smoker,Boy
Non-Smoker,Boy
Non-Smoker,Boy
Non-Smoker,Boy
Non-Smoker,Boy
Non-Smoker,Boy
Non-Smoker,Boy
Non-Smoker,Boy
Non-Smoker,Boy
Non-Smoker,Boy
Non-Smoker,Boy
Non-Smoker,Boy
Non-Smoker,Boy
Non-Smoker,Boy
Non-Smoker,Boy
Non-Smoker,Boy
Non-Smoker,Boy
Non-Smoker,Boy
Non-Smoker,Boy
Non-Smoker,Boy
Non-Smoker,Boy
Non-Smoker,Boy
Non-Smoker,Boy
Non-Smoker,Boy
Non-Smoker,Boy
Non-Smoker,Boy
Non-Smoker,Boy
Non-Smoker,Boy
Non-Smoker,Boy
Non-Smoker,Boy
Non-Smoker,Boy
Non-Smoker,Boy
Non-Smoker,Boy
Non-Smoker,Boy
Non-Smoker,Boy
Non-Smoker,Boy
Non-Smoker,Boy
Non-Smoker,Boy
Non-Smoker,Boy
Non-Smoker,Boy
Non-Smoker,Boy
Non-Smoker,Boy
Non-Smoker,Boy
Non-Smoker,Boy
Non-Smoker,Boy
Non-Smoker,Boy
Non-Smoker,Boy
Non-Smoker,Boy
Non-Smoker,Boy
Non-Smoker,Boy
Non-Smoker,Boy
Non-Smoker,Boy
Non-Smoker,Boy
Non-Smoker,Boy
Non-Smoker,Boy
Non-Smoker,Boy
Non-Smoker,Boy
Non-Smoker,Boy
Non-Smoker,Boy
Non-Smoker,Boy
Non-Smoker,Boy
Non-Smoker,Boy
Non-Smoker,Boy
Non-Smoker,Boy
Non-Smoker,Boy
Non-Smoker,Boy
Non-Smoker,Boy
Non-Smoker,Boy
Non-Smoker,Boy
Non-Smoker,Boy
Non-Smoker,Boy
Non-Smoker,Boy
Non-Smoker,Boy
Non-Smoker,Boy
Non-Smoker,Boy
Non-Smoker,Boy
Non-Smoker,Boy
Non-Smoker,Boy
Non-Smoker,Boy
Non-Smoker,Boy
Non-Smoker,Boy
Non-Smoker,Boy
Non-Smoker,Boy
Non-Smoker,Boy
Non-Smoker,Boy
Non-Smoker,Boy
Non-Smoker,Boy
Non-Smoker,Boy
Non-Smoker,Boy
Non-Smoker,Boy
Non-Smoker,Boy
Non-Smoker,Boy
Non-Smoker,Boy
Non-Smoker,Boy
Non-Smoker,Boy
Non-Smoker,Boy
Non-Smoker,Boy
Non-Smoker,Boy
Non-Smoker,Boy
Non-Smoker,Boy
Non-Smoker,Boy
Non-Smoker,Boy
Non-Smoker,Boy
Non-Smoker,Boy
Non-Smoker,Boy
Non-Smoker,Boy
Non-Smoker,Boy
Non-Smoker,Boy
Non-Smoker,Boy
Non-Smoker,Boy
Non-Smoker,Boy
Non-Smoker,Boy
Non-Smoker,Boy
Non-Smoker,Boy
Non-Smoker,Boy
Non-Smoker,Boy
Non-Smoker,Boy
Non-Smoker,Boy
Non-Smoker,Boy
Non-Smoker,Boy
Non-Smoker,Boy
Non-Smoker,Boy
Non-Smoker,Boy
Non-Smoker,Boy
Non-Smoker,Boy
Non-Smoker,Boy
Non-Smoker,Boy
Non-Smoker,Boy
Non-Smoker,Boy
Non-Smoker,Boy
Non-Smoker,Boy
Non-Smoker,Boy
Non-Smoker,Boy
Non-Smoker,Boy
Non-Smoker,Boy
Non-Smoker,Boy
Non-Smoker,Boy
Non-Smoker,Boy
Non-Smoker,Boy
Non-Smoker,Boy
Non-Smoker,Boy
Non-Smoker,Boy
Non-Smoker,Boy
Non-Smoker,Boy
Non-Smoker,Boy
Non-Smoker,Boy
Non-Smoker,Boy
Non-Smoker,Boy
Non-Smoker,Boy
Non-Smoker,Boy
Non-Smoker,Boy
Non-Smoker,Boy
Non-Smoker,Boy
Non-Smoker,Boy
Non-Smoker,Boy
Non-Smoker,Boy
Non-Smoker,Boy
Non-Smoker,Boy
Non-Smoker,Boy
Non-Smoker,Boy
Non-Smoker,Boy
Non-Smoker,Boy
Non-Smoker,Boy
Non-Smoker,Boy
Non-Smoker,Boy
Non-Smoker,Boy
Non-Smoker,Boy
Non-Smoker,Boy
Non-Smoker,Boy
Non-Smoker,Boy
Non-Smoker,Boy
Non-Smoker,Boy
Non-Smoker,Boy
Non-Smoker,Boy
Non-Smoker,Boy
Non-Smoker,Boy
Non-Smoker,Boy
Non-Smoker,Boy
Non-Smoker,Boy
Non-Smoker,Boy
Non-Smoker,Boy
Non-Smoker,Boy
Non-Smoker,Boy
Non-Smoker,Boy
Non-Smoker,Boy
Non-Smoker,Boy
Non-Smoker,Boy
Non-Smoker,Boy
Non-Smoker,Boy
Non-Smoker,Boy
Non-Smoker,Boy
Non-Smoker,Boy
Non-Smoker,Boy
Non-Smoker,Boy
Non-Smoker,Boy
Non-Smoker,Boy
Non-Smoker,Boy
Non-Smoker,Boy
Non-Smoker,Boy
Non-Smoker,Boy
Non-Smoker,Boy
Non-Smoker,Boy
Non-Smoker,Boy
Non-Smoker,Boy
Non-Smoker,Boy
Non-Smoker,Boy
Non-Smoker,Boy
Non-Smoker,Boy
Non-Smoker,Boy
Non-Smoker,Boy
Non-Smoker,Boy
Non-Smoker,Boy
Non-Smoker,Boy
Non-Smoker,Boy
Non-Smoker,Boy
Non-Smoker,Boy
Non-Smoker,Boy
Non-Smoker,Boy
Non-Smoker,Boy
Non-Smoker,Boy
Non-Smoker,Boy
Non-Smoker,Boy
Non-Smoker,Boy
Non-Smoker,Boy
Non-Smoker,Boy
Non-Smoker,Boy
Non-Smoker,Boy
Non-Smoker,Boy
Non-Smoker,Boy
Non-Smoker,Boy
Non-Smoker,Boy
Non-Smoker,Boy
Non-Smoker,Boy
Non-Smoker,Boy
Non-Smoker,Boy
Non-Smoker,Boy
Non-Smoker,Boy
Non-Smoker,Boy
Non-Smoker,Boy
Non-Smoker,Boy
Non-Smoker,Boy
Non-Smoker,Boy
Non-Smoker,Boy
Non-Smoker,Boy
Non-Smoker,Boy
Non-Smoker,Boy
Non-Smoker,Boy
Non-Smoker,Boy
Non-Smoker,Boy
Non-Smoker,Boy
Non-Smoker,Boy
Non-Smoker,Boy
Non-Smoker,Boy
Non-Smoker,Boy
Non-Smoker,Boy
Non-Smoker,Boy
Non-Smoker,Boy
Non-Smoker,Boy
Non-Smoker,Boy
Non-Smoker,Boy
Non-Smoker,Boy
Non-Smoker,Boy
Non-Smoker,Boy
Non-Smoker,Boy
Non-Smoker,Boy
Non-Smoker,Boy
Non-Smoker,Boy
Non-Smoker,Boy
Non-Smoker,Boy
Non-Smoker,Boy
Non-Smoker,Boy
Non-Smoker,Boy
Non-Smoker,Boy
Non-Smoker,Boy
Non-Smoker,Boy
Non-Smoker,Boy
Non-Smoker,Boy
Non-Smoker,Boy
Non-Smoker,Boy
Non-Smoker,Boy
Non-Smoker,Boy
Non-Smoker,Boy
Non-Smoker,Boy
Non-Smoker,Boy
Non-Smoker,Boy
Non-Smoker,Boy
Non-Smoker,Boy
Non-Smoker,Boy
Non-Smoker,Boy
Non-Smoker,Boy
Non-Smoker,Boy
Non-Smoker,Boy
Non-Smoker,Boy
Non-Smoker,Boy
Non-Smoker,Boy
Non-Smoker,Boy
Non-Smoker,Boy
Non-Smoker,Boy
Non-Smoker,Boy
Non-Smoker,Boy
Non-Smoker,Boy
Non-Smoker,Boy
Non-Smoker,Boy
Non-Smoker,Boy
Non-Smoker,Boy
Non-Smoker,Boy
Non-Smoker,Boy
Non-Smoker,Boy
Non-Smoker,Boy
Non-Smoker,Boy
Non-Smoker,Boy
Non-Smoker,Boy
Non-Smoker,Boy
Non-Smoker,Boy
Non-Smoker,Boy
Non-Smoker,Boy
Non-Smoker,Boy
Non-Smoker,Boy
Non-Smoker,Boy
Non-Smoker,Boy
Non-Smoker,Boy
Non-Smoker,Boy
Non-Smoker,Boy
Non-Smoker,Boy
Non-Smoker,Boy
Non-Smoker,Boy
Non-Smoker,Boy
Non-Smoker,Boy
Non-Smoker,Boy
Non-Smoker,Boy
Non-Smoker,Boy
Non-Smoker,Boy
Non-Smoker,Boy
Non-Smoker,Boy
Non-Smoker,Boy
Non-Smoker,Boy
Non-Smoker,Boy
Non-Smoker,Boy
Non-Smoker,Boy
Non-Smoker,Boy
Non-Smoker,Boy
Non-Smoker,Boy
Non-Smoker,Boy
Non-Smoker,Boy
Non-Smoker,Boy
Non-Smoker,Boy
Non-Smoker,Boy
Non-Smoker,Boy
Non-Smoker,Boy
Non-Smoker,Boy
Non-Smoker,Boy
Non-Smoker,Boy
Non-Smoker,Boy
Non-Smoker,Boy
Non-Smoker,Boy
Non-Smoker,Boy
Non-Smoker,Boy
Non-Smoker,Boy
Non-Smoker,Boy
Non-Smoker,Boy
Non-Smoker,Boy
Non-Smoker,Boy
Non-Smoker,Boy
Non-Smoker,Boy
Non-Smoker,Boy
Non-Smoker,Boy
Non-Smoker,Boy
Non-Smoker,Boy
Non-Smoker,Boy
Non-Smoker,Boy
Non-Smoker,Boy
Non-Smoker,Boy
Non-Smoker,Boy
Non-Smoker,Boy
Non-Smoker,Boy
Non-Smoker,Boy
Non-Smoker,Boy
Non-Smoker,Boy
Non-Smoker,Boy
Non-Smoker,Boy
Non-Smoker,Boy
Non-Smoker,Boy
Non-Smoker,Boy
Non-Smoker,Boy
Non-Smoker,Boy
Non-Smoker,Boy
Non-Smoker,Boy
Non-Smoker,Boy
Non-Smoker,Boy
Non-Smoker,Boy
Non-Smoker,Boy
Non-Smoker,Boy
Non-Smoker,Boy
Non-Smoker,Boy
Non-Smoker,Boy
Non-Smoker,Boy
Non-Smoker,Boy
Non-Smoker,Boy
Non-Smoker,Boy
Non-Smoker,Boy
Non-Smoker,Boy
Non-Smoker,Boy
Non-Smoker,Boy
Non-Smoker,Boy
Non-Smoker,Boy
Non-Smoker,Boy
Non-Smoker,Boy
Non-Smoker,Boy
Non-Smoker,Boy
Non-Smoker,Boy
Non-Smoker,Boy
Non-Smoker,Boy
Non-Smoker,Boy
Non-Smoker,Boy
Non-Smoker,Boy
Non-Smoker,Boy
Non-Smoker,Boy
Non-Smoker,Boy
Non-Smoker,Boy
Non-Smoker,Boy
Non-Smoker,Boy
Non-Smoker,Boy
Non-Smoker,Boy
Non-Smoker,Boy
Non-Smoker,Boy
Non-Smoker,Boy
Non-Smoker,Boy
Non-Smoker,Boy
Non-Smoker,Boy
Non-Smoker,Boy
Non-Smoker,Boy
Non-Smoker,Boy
Non-Smoker,Boy
Non-Smoker,Boy
Non-Smoker,Boy
Non-Smoker,Boy
Non-Smoker,Boy
Non-Smoker,Boy
Non-Smoker,Boy
Non-Smoker,Boy
Non-Smoker,Boy
Non-Smoker,Boy
Non-Smoker,Boy
Non-Smoker,Boy
Non-Smoker,Boy
Non-Smoker,Boy
Non-Smoker,Boy
Non-Smoker,Boy
Non-Smoker,Boy
Non-Smoker,Boy
Non-Smoker,Boy
Non-Smoker,Boy
Non-Smoker,Boy
Non-Smoker,Boy
Non-Smoker,Boy
Non-Smoker,Boy
Non-Smoker,Boy
Non-Smoker,Boy
Non-Smoker,Boy
Non-Smoker,Boy
Non-Smoker,Boy
Non-Smoker,Boy
Non-Smoker,Boy
Non-Smoker,Boy
Non-Smoker,Boy
Non-Smoker,Boy
Non-Smoker,Boy
Non-Smoker,Boy
Non-Smoker,Boy
Non-Smoker,Boy
Non-Smoker,Boy
Non-Smoker,Boy
Non-Smoker,Boy
Non-Smoker,Boy
Non-Smoker,Boy
Non-Smoker,Boy
Non-Smoker,Boy
Non-Smoker,Boy
Non-Smoker,Boy
Non-Smoker,Boy
Non-Smoker,Boy
Non-Smoker,Boy
Non-Smoker,Boy
Non-Smoker,Boy
Non-Smoker,Boy
Non-Smoker,Boy
Non-Smoker,Boy
Non-Smoker,Boy
Non-Smoker,Boy
Non-Smoker,Boy
Non-Smoker,Boy
Non-Smoker,Boy
Non-Smoker,Boy
Non-Smoker,Boy
Non-Smoker,Boy
Non-Smoker,Boy
Non-Smoker,Boy
Non-Smoker,Boy
Non-Smoker,Boy
Non-Smoker,Boy
Non-Smoker,Boy
Non-Smoker,Boy
Non-Smoker,Boy
Non-Smoker,Boy
Non-Smoker,Boy
Non-Smoker,Boy
Non-Smoker,Boy
Non-Smoker,Boy
Non-Smoker,Boy
Non-Smoker,Boy
Non-Smoker,Boy
Non-Smoker,Boy
Non-Smoker,Boy
Non-Smoker,Boy
Non-Smoker,Boy
Non-Smoker,Boy
Non-Smoker,Boy
Non-Smoker,Boy
Non-Smoker,Boy
Non-Smoker,Boy
Non-Smoker,Boy
Non-Smoker,Boy
Non-Smoker,Boy
Non-Smoker,Boy
Non-Smoker,Boy
Non-Smoker,Boy
Non-Smoker,Boy
Non-Smoker,Boy
Non-Smoker,Boy
Non-Smoker,Boy
Non-Smoker,Boy
Non-Smoker,Boy
Non-Smoker,Boy
Non-Smoker,Boy
Non-Smoker,Boy
Non-Smoker,Boy
Non-Smoker,Boy
Non-Smoker,Boy
Non-Smoker,Boy
Non-Smoker,Boy
Non-Smoker,Boy
Non-Smoker,Boy
Non-Smoker,Boy
Non-Smoker,Boy
Non-Smoker,Boy
Non-Smoker,Boy
Non-Smoker,Boy
Non-Smoker,Boy
Non-Smoker,Boy
Non-Smoker,Boy
Non-Smoker,Boy
Non-Smoker,Boy
Non-Smoker,Boy
Non-Smoker,Boy
Non-Smoker,Boy
Non-Smoker,Boy
Non-Smoker,Boy
Non-Smoker,Boy
Non-Smoker,Boy
Non-Smoker,Boy
Non-Smoker,Boy
Non-Smoker,Boy
Non-Smoker,Boy
Non-Smoker,Boy
Non-Smoker,Boy
Non-Smoker,Boy
Non-Smoker,Boy
Non-Smoker,Boy
Non-Smoker,Boy
Non-Smoker,Boy
Non-Smoker,Boy
Non-Smoker,Boy
Non-Smoker,Boy
Non-Smoker,Boy
Non-Smoker,Boy
Non-Smoker,Boy
Non-Smoker,Boy
Non-Smoker,Boy
Non-Smoker,Boy
Non-Smoker,Boy
Non-Smoker,Boy
Non-Smoker,Boy
Non-Smoker,Boy
Non-Smoker,Boy
Non-Smoker,Boy
Non-Smoker,Boy
Non-Smoker,Boy
Non-Smoker,Boy
Non-Smoker,Boy
Non-Smoker,Boy
Non-Smoker,Boy
Non-Smoker,Boy
Non-Smoker,Boy
Non-Smoker,Boy
Non-Smoker,Boy
Non-Smoker,Boy
Non-Smoker,Boy
Non-Smoker,Boy
Non-Smoker,Boy
Non-Smoker,Boy
Non-Smoker,Boy
Non-Smoker,Boy
Non-Smoker,Boy
Non-Smoker,Boy
Non-Smoker,Boy
Non-Smoker,Boy
Non-Smoker,Boy
Non-Smoker,Boy
Non-Smoker,Boy
Non-Smoker,Boy
Non-Smoker,Boy
Non-Smoker,Boy
Non-Smoker,Boy
Non-Smoker,Boy
Non-Smoker,Boy
Non-Smoker,Boy
Non-Smoker,Boy
Non-Smoker,Boy
Non-Smoker,Boy
Non-Smoker,Boy
Non-Smoker,Boy
Non-Smoker,Boy
Non-Smoker,Boy
Non-Smoker,Boy
Non-Smoker,Boy
Non-Smoker,Boy
Non-Smoker,Boy
Non-Smoker,Boy
Non-Smoker,Boy
Non-Smoker,Boy
Non-Smoker,Boy
Non-Smoker,Boy
Non-Smoker,Boy
Non-Smoker,Boy
Non-Smoker,Boy
Non-Smoker,Boy
Non-Smoker,Boy
Non-Smoker,Boy
Non-Smoker,Boy
Non-Smoker,Boy
Non-Smoker,Boy
Non-Smoker,Boy
Non-Smoker,Boy
Non-Smoker,Boy
Non-Smoker,Boy
Non-Smoker,Boy
Non-Smoker,Boy
Non-Smoker,Boy
Non-Smoker,Boy
Non-Smoker,Boy
Non-Smoker,Boy
Non-Smoker,Boy
Non-Smoker,Boy
Non-Smoker,Boy
Non-Smoker,Boy
Non-Smoker,Boy
Non-Smoker,Boy
Non-Smoker,Boy
Non-Smoker,Boy
Non-Smoker,Boy
Non-Smoker,Boy
Non-Smoker,Boy
Non-Smoker,Boy
Non-Smoker,Boy
Non-Smoker,Boy
Non-Smoker,Boy
Non-Smoker,Boy
Non-Smoker,Boy
Non-Smoker,Boy
Non-Smoker,Boy
Non-Smoker,Boy
Non-Smoker,Boy
Non-Smoker,Boy
Non-Smoker,Boy
Non-Smoker,Boy
Non-Smoker,Boy
Non-Smoker,Boy
Non-Smoker,Boy
Non-Smoker,Boy
Non-Smoker,Boy
Non-Smoker,Boy
Non-Smoker,Boy
Non-Smoker,Boy
Non-Smoker,Boy
Non-Smoker,Boy
Non-Smoker,Boy
Non-Smoker,Boy
Non-Smoker,Boy
Non-Smoker,Boy
Non-Smoker,Boy
Non-Smoker,Boy
Non-Smoker,Boy
Non-Smoker,Boy
Non-Smoker,Boy
Non-Smoker,Boy
Non-Smoker,Boy
Non-Smoker,Boy
Non-Smoker,Boy
Non-Smoker,Boy
Non-Smoker,Boy
Non-Smoker,Boy
Non-Smoker,Boy
Non-Smoker,Boy
Non-Smoker,Boy
Non-Smoker,Boy
Non-Smoker,Boy
Non-Smoker,Boy
Non-Smoker,Boy
Non-Smoker,Boy
Non-Smoker,Boy
Non-Smoker,Boy
Non-Smoker,Boy
Non-Smoker,Boy
Non-Smoker,Boy
Non-Smoker,Boy
Non-Smoker,Boy
Non-Smoker,Boy
Non-Smoker,Boy
Non-Smoker,Boy
Non-Smoker,Boy
Non-Smoker,Boy
Non-Smoker,Boy
Non-Smoker,Boy
Non-Smoker,Boy
Non-Smoker,Boy
Non-Smoker,Boy
Non-Smoker,Boy
Non-Smoker,Boy
Non-Smoker,Boy
Non-Smoker,Boy
Non-Smoker,Boy
Non-Smoker,Boy
Non-Smoker,Boy
Non-Smoker,Boy
Non-Smoker,Boy
Non-Smoker,Boy
Non-Smoker,Boy
Non-Smoker,Boy
Non-Smoker,Boy
Non-Smoker,Boy
Non-Smoker,Boy
Non-Smoker,Boy
Non-Smoker,Boy
Non-Smoker,Boy
Non-Smoker,Boy
Non-Smoker,Boy
Non-Smoker,Boy
Non-Smoker,Boy
Non-Smoker,Boy
Non-Smoker,Boy
Non-Smoker,Boy
Non-Smoker,Boy
Non-Smoker,Boy
Non-Smoker,Boy
Non-Smoker,Boy
Non-Smoker,Boy
Non-Smoker,Boy
Non-Smoker,Boy
Non-Smoker,Boy
Non-Smoker,Boy
Non-Smoker,Boy
Non-Smoker,Boy
Non-Smoker,Boy
Non-Smoker,Boy
Non-Smoker,Boy
Non-Smoker,Boy
Non-Smoker,Boy
Non-Smoker,Boy
Non-Smoker,Boy
Non-Smoker,Boy
Non-Smoker,Boy
Non-Smoker,Boy
Non-Smoker,Boy
Non-Smoker,Boy
Non-Smoker,Boy
Non-Smoker,Boy
Non-Smoker,Boy
Non-Smoker,Boy
Non-Smoker,Boy
Non-Smoker,Boy
Non-Smoker,Boy
Non-Smoker,Boy
Non-Smoker,Boy
Non-Smoker,Boy
Non-Smoker,Boy
Non-Smoker,Boy
Non-Smoker,Boy
Non-Smoker,Boy
Non-Smoker,Boy
Non-Smoker,Boy
Non-Smoker,Boy
Non-Smoker,Boy
Non-Smoker,Boy
Non-Smoker,Boy
Non-Smoker,Boy
Non-Smoker,Boy
Non-Smoker,Boy
Non-Smoker,Boy
Non-Smoker,Boy
Non-Smoker,Boy
Non-Smoker,Boy
Non-Smoker,Boy
Non-Smoker,Boy
Non-Smoker,Boy
Non-Smoker,Boy
Non-Smoker,Boy
Non-Smoker,Boy
Non-Smoker,Boy
Non-Smoker,Boy
Non-Smoker,Boy
Non-Smoker,Boy
Non-Smoker,Boy
Non-Smoker,Boy
Non-Smoker,Boy
Non-Smoker,Boy
Non-Smoker,Boy
Non-Smoker,Boy
Non-Smoker,Boy
Non-Smoker,Boy
Non-Smoker,Boy
Non-Smoker,Boy
Non-Smoker,Boy
Non-Smoker,Boy
Non-Smoker,Boy
Non-Smoker,Boy
Non-Smoker,Boy
Non-Smoker,Boy
Non-Smoker,Boy
Non-Smoker,Boy
Non-Smoker,Boy
Non-Smoker,Boy
Non-Smoker,Boy
Non-Smoker,Boy
Non-Smoker,Boy
Non-Smoker,Boy
Non-Smoker,Boy
Non-Smoker,Boy
Non-Smoker,Boy
Non-Smoker,Boy
Non-Smoker,Boy
Non-Smoker,Boy
Non-Smoker,Boy
Non-Smoker,Boy
Non-Smoker,Boy
Non-Smoker,Boy
Non-Smoker,Boy
Non-Smoker,Boy
Non-Smoker,Boy
Non-Smoker,Boy
Non-Smoker,Boy
Non-Smoker,Boy
Non-Smoker,Boy
Non-Smoker,Boy
Non-Smoker,Boy
Non-Smoker,Boy
Non-Smoker,Boy
Non-Smoker,Boy
Non-Smoker,Boy
Non-Smoker,Boy
Non-Smoker,Boy
Non-Smoker,Boy
Non-Smoker,Boy
Non-Smoker,Boy
Non-Smoker,Boy
Non-Smoker,Boy
Non-Smoker,Boy
Non-Smoker,Boy
Non-Smoker,Boy
Non-Smoker,Boy
Non-Smoker,Boy
Non-Smoker,Boy
Non-Smoker,Boy
Non-Smoker,Boy
Non-Smoker,Boy
Non-Smoker,Boy
Non-Smoker,Boy
Non-Smoker,Boy
Non-Smoker,Boy
Non-Smoker,Boy
Non-Smoker,Boy
Non-Smoker,Boy
Non-Smoker,Boy
Non-Smoker,Boy
Non-Smoker,Boy
Non-Smoker,Boy
Non-Smoker,Boy
Non-Smoker,Boy
Non-Smoker,Boy
Non-Smoker,Boy
Non-Smoker,Boy
Non-Smoker,Boy
Non-Smoker,Boy
Non-Smoker,Boy
Non-Smoker,Boy
Non-Smoker,Boy
Non-Smoker,Boy
Non-Smoker,Boy
Non-Smoker,Boy
Non-Smoker,Boy
Non-Smoker,Boy
Non-Smoker,Boy
Non-Smoker,Boy
Non-Smoker,Boy
Non-Smoker,Boy
Non-Smoker,Boy
Non-Smoker,Boy
Non-Smoker,Boy
Non-Smoker,Boy
Non-Smoker,Boy
Non-Smoker,Boy
Non-Smoker,Boy
Non-Smoker,Boy
Non-Smoker,Boy
Non-Smoker,Boy
Non-Smoker,Boy
Non-Smoker,Boy
Non-Smoker,Boy
Non-Smoker,Boy
Non-Smoker,Boy
Non-Smoker,Boy
Non-Smoker,Boy
Non-Smoker,Boy
Non-Smoker,Boy
Non-Smoker,Boy
Non-Smoker,Boy
Non-Smoker,Boy
Non-Smoker,Boy
Non-Smoker,Boy
Non-Smoker,Boy
Non-Smoker,Boy
Non-Smoker,Boy
Non-Smoker,Boy
Non-Smoker,Boy
Non-Smoker,Boy
Non-Smoker,Boy
Non-Smoker,Boy
Non-Smoker,Boy
Non-Smoker,Boy
Non-Smoker,Boy
Non-Smoker,Boy
Non-Smoker,Boy
Non-Smoker,Boy
Non-Smoker,Boy
Non-Smoker,Boy
Non-Smoker,Boy
Non-Smoker,Boy
Non-Smoker,Boy
Non-Smoker,Boy
Non-Smoker,Boy
Non-Smoker,Boy
Non-Smoker,Boy
Non-Smoker,Boy
Non-Smoker,Boy
Non-Smoker,Boy
Non-Smoker,Boy
Non-Smoker,Boy
Non-Smoker,Boy
Non-Smoker,Boy
Non-Smoker,Boy
Non-Smoker,Boy
Non-Smoker,Boy
Non-Smoker,Boy
Non-Smoker,Boy
Non-Smoker,Boy
Non-Smoker,Boy
Non-Smoker,Boy
Non-Smoker,Boy
Non-Smoker,Boy
Non-Smoker,Boy
Non-Smoker,Boy
Non-Smoker,Boy
Non-Smoker,Boy
Non-Smoker,Boy
Non-Smoker,Boy
Non-Smoker,Boy
Non-Smoker,Boy
Non-Smoker,Boy
Non-Smoker,Boy
Non-Smoker,Boy
Non-Smoker,Boy
Non-Smoker,Boy
Non-Smoker,Boy
Non-Smoker,Boy
Non-Smoker,Boy
Non-Smoker,Boy
Non-Smoker,Boy
Non-Smoker,Boy
Non-Smoker,Boy
Non-Smoker,Boy
Non-Smoker,Boy
Non-Smoker,Boy
Non-Smoker,Boy
Non-Smoker,Boy
Non-Smoker,Boy
Non-Smoker,Boy
Non-Smoker,Boy
Non-Smoker,Boy
Non-Smoker,Boy
Non-Smoker,Boy
Non-Smoker,Boy
Non-Smoker,Boy
Non-Smoker,Boy
Non-Smoker,Boy
Non-Smoker,Boy
Non-Smoker,Boy
Non-Smoker,Boy
Non-Smoker,Boy
Non-Smoker,Boy
Non-Smoker,Boy
Non-Smoker,Boy
Non-Smoker,Boy
Non-Smoker,Boy
Non-Smoker,Boy
Non-Smoker,Boy
Non-Smoker,Boy
Non-Smoker,Boy
Non-Smoker,Boy
Non-Smoker,Boy
Non-Smoker,Boy
Non-Smoker,Boy
Non-Smoker,Boy
Non-Smoker,Boy
Non-Smoker,Boy
Non-Smoker,Boy
Non-Smoker,Boy
Non-Smoker,Boy
Non-Smoker,Boy
Non-Smoker,Boy
Non-Smoker,Boy
Non-Smoker,Boy
Non-Smoker,Boy
Non-Smoker,Boy
Non-Smoker,Boy
Non-Smoker,Boy
Non-Smoker,Boy
Non-Smoker,Boy
Non-Smoker,Boy
Non-Smoker,Boy
Non-Smoker,Boy
Non-Smoker,Boy
Non-Smoker,Boy
Non-Smoker,Boy
Non-Smoker,Boy
Non-Smoker,Boy
Non-Smoker,Boy
Non-Smoker,Boy
Non-Smoker,Boy
Non-Smoker,Boy
Non-Smoker,Boy
Non-Smoker,Boy
Non-Smoker,Boy
Non-Smoker,Boy
Non-Smoker,Boy
Non-Smoker,Boy
Non-Smoker,Boy
Non-Smoker,Boy
Non-Smoker,Boy
Non-Smoker,Boy
Non-Smoker,Boy
Non-Smoker,Boy
Non-Smoker,Boy
Non-Smoker,Boy
Non-Smoker,Boy
Non-Smoker,Boy
Non-Smoker,Boy
Non-Smoker,Boy
Non-Smoker,Boy
Non-Smoker,Boy
Non-Smoker,Boy
Non-Smoker,Boy
Non-Smoker,Boy
Non-Smoker,Boy
Non-Smoker,Boy
Non-Smoker,Boy
Non-Smoker,Boy
Non-Smoker,Boy
Non-Smoker,Boy
Non-Smoker,Boy
Non-Smoker,Boy
Non-Smoker,Boy
Non-Smoker,Boy
Non-Smoker,Boy
Non-Smoker,Boy
Non-Smoker,Boy
Non-Smoker,Boy
Non-Smoker,Boy
Non-Smoker,Boy
Non-Smoker,Boy
Non-Smoker,Boy
Non-Smoker,Boy
Non-Smoker,Boy
Non-Smoker,Boy
Non-Smoker,Boy
Non-Smoker,Boy
Non-Smoker,Boy
Non-Smoker,Boy
Non-Smoker,Boy
Non-Smoker,Boy
Non-Smoker,Boy
Non-Smoker,Boy
Non-Smoker,Boy
Non-Smoker,Boy
Non-Smoker,Boy
Non-Smoker,Boy
Non-Smoker,Boy
Non-Smoker,Boy
Non-Smoker,Boy
Non-Smoker,Boy
Non-Smoker,Boy
Non-Smoker,Boy
Non-Smoker,Boy
Non-Smoker,Boy
Non-Smoker,Boy
Non-Smoker,Boy
Non-Smoker,Boy
Non-Smoker,Boy
Non-Smoker,Boy
Non-Smoker,Boy
Non-Smoker,Boy
Non-Smoker,Boy
Non-Smoker,Boy
Non-Smoker,Boy
Non-Smoker,Boy
Non-Smoker,Boy
Non-Smoker,Boy
Non-Smoker,Boy
Non-Smoker,Boy
Non-Smoker,Boy
Non-Smoker,Boy
Non-Smoker,Boy
Non-Smoker,Boy
Non-Smoker,Boy
Non-Smoker,Boy
Non-Smoker,Boy
Non-Smoker,Boy
Non-Smoker,Boy
Non-Smoker,Boy
Non-Smoker,Boy
Non-Smoker,Boy
Non-Smoker,Boy
Non-Smoker,Boy
Non-Smoker,Boy
Non-Smoker,Boy
Non-Smoker,Boy
Non-Smoker,Boy
Non-Smoker,Boy
Non-Smoker,Boy
Non-Smoker,Boy
Non-Smoker,Boy
Non-Smoker,Boy
Non-Smoker,Boy
Non-Smoker,Boy
Non-Smoker,Boy
Non-Smoker,Boy
Non-Smoker,Boy
Non-Smoker,Boy
Non-Smoker,Boy
Non-Smoker,Boy
Non-Smoker,Boy
Non-Smoker,Boy
Non-Smoker,Boy
Non-Smoker,Boy
Non-Smoker,Boy
Non-Smoker,Boy
Non-Smoker,Boy
Non-Smoker,Boy
Non-Smoker,Boy
Non-Smoker,Boy
Non-Smoker,Boy
Non-Smoker,Boy
Non-Smoker,Boy
Non-Smoker,Boy
Non-Smoker,Boy
Non-Smoker,Boy
Non-Smoker,Boy
Non-Smoker,Boy
Non-Smoker,Boy
Non-Smoker,Boy
Non-Smoker,Boy
Non-Smoker,Boy
Non-Smoker,Boy
Non-Smoker,Boy
Non-Smoker,Boy
Non-Smoker,Boy
Non-Smoker,Boy
Non-Smoker,Boy
Non-Smoker,Boy
Non-Smoker,Boy
Non-Smoker,Boy
Non-Smoker,Boy
Non-Smoker,Boy
Non-Smoker,Boy
Non-Smoker,Boy
Non-Smoker,Boy
Non-Smoker,Boy
Non-Smoker,Boy
Non-Smoker,Boy
Non-Smoker,Boy
Non-Smoker,Boy
Non-Smoker,Boy
Non-Smoker,Boy
Non-Smoker,Boy
Non-Smoker,Boy
Non-Smoker,Boy
Non-Smoker,Boy
Non-Smoker,Boy
Non-Smoker,Boy
Non-Smoker,Boy
Non-Smoker,Boy
Non-Smoker,Boy
Non-Smoker,Boy
Non-Smoker,Boy
Non-Smoker,Boy
Non-Smoker,Boy
Non-Smoker,Boy
Non-Smoker,Boy
Non-Smoker,Boy
Non-Smoker,Boy
Non-Smoker,Boy
Non-Smoker,Boy
Non-Smoker,Boy
Non-Smoker,Boy
Non-Smoker,Boy
Non-Smoker,Boy
Non-Smoker,Boy
Non-Smoker,Boy
Non-Smoker,Boy
Non-Smoker,Boy
Non-Smoker,Boy
Non-Smoker,Boy
Non-Smoker,Boy
Non-Smoker,Boy
Non-Smoker,Boy
Non-Smoker,Boy
Non-Smoker,Boy
Non-Smoker,Boy
Non-Smoker,Boy
Non-Smoker,Boy
Non-Smoker,Boy
Non-Smoker,Boy
Non-Smoker,Boy
Non-Smoker,Boy
Non-Smoker,Boy
Non-Smoker,Boy
Non-Smoker,Boy
Non-Smoker,Boy
Non-Smoker,Boy
Non-Smoker,Girl
Non-Smoker,Girl
Non-Smoker,Girl
Non-Smoker,Girl
Non-Smoker,Girl
Non-Smoker,Girl
Non-Smoker,Girl
Non-Smoker,Girl
Non-Smoker,Girl
Non-Smoker,Girl
Non-Smoker,Girl
Non-Smoker,Girl
Non-Smoker,Girl
Non-Smoker,Girl
Non-Smoker,Girl
Non-Smoker,Girl
Non-Smoker,Girl
Non-Smoker,Girl
Non-Smoker,Girl
Non-Smoker,Girl
Non-Smoker,Girl
Non-Smoker,Girl
Non-Smoker,Girl
Non-Smoker,Girl
Non-Smoker,Girl
Non-Smoker,Girl
Non-Smoker,Girl
Non-Smoker,Girl
Non-Smoker,Girl
Non-Smoker,Girl
Non-Smoker,Girl
Non-Smoker,Girl
Non-Smoker,Girl
Non-Smoker,Girl
Non-Smoker,Girl
Non-Smoker,Girl
Non-Smoker,Girl
Non-Smoker,Girl
Non-Smoker,Girl
Non-Smoker,Girl
Non-Smoker,Girl
Non-Smoker,Girl
Non-Smoker,Girl
Non-Smoker,Girl
Non-Smoker,Girl
Non-Smoker,Girl
Non-Smoker,Girl
Non-Smoker,Girl
Non-Smoker,Girl
Non-Smoker,Girl
Non-Smoker,Girl
Non-Smoker,Girl
Non-Smoker,Girl
Non-Smoker,Girl
Non-Smoker,Girl
Non-Smoker,Girl
Non-Smoker,Girl
Non-Smoker,Girl
Non-Smoker,Girl
Non-Smoker,Girl
Non-Smoker,Girl
Non-Smoker,Girl
Non-Smoker,Girl
Non-Smoker,Girl
Non-Smoker,Girl
Non-Smoker,Girl
Non-Smoker,Girl
Non-Smoker,Girl
Non-Smoker,Girl
Non-Smoker,Girl
Non-Smoker,Girl
Non-Smoker,Girl
Non-Smoker,Girl
Non-Smoker,Girl
Non-Smoker,Girl
Non-Smoker,Girl
Non-Smoker,Girl
Non-Smoker,Girl
Non-Smoker,Girl
Non-Smoker,Girl
Non-Smoker,Girl
Non-Smoker,Girl
Non-Smoker,Girl
Non-Smoker,Girl
Non-Smoker,Girl
Non-Smoker,Girl
Non-Smoker,Girl
Non-Smoker,Girl
Non-Smoker,Girl
Non-Smoker,Girl
Non-Smoker,Girl
Non-Smoker,Girl
Non-Smoker,Girl
Non-Smoker,Girl
Non-Smoker,Girl
Non-Smoker,Girl
Non-Smoker,Girl
Non-Smoker,Girl
Non-Smoker,Girl
Non-Smoker,Girl
Non-Smoker,Girl
Non-Smoker,Girl
Non-Smoker,Girl
Non-Smoker,Girl
Non-Smoker,Girl
Non-Smoker,Girl
Non-Smoker,Girl
Non-Smoker,Girl
Non-Smoker,Girl
Non-Smoker,Girl
Non-Smoker,Girl
Non-Smoker,Girl
Non-Smoker,Girl
Non-Smoker,Girl
Non-Smoker,Girl
Non-Smoker,Girl
Non-Smoker,Girl
Non-Smoker,Girl
Non-Smoker,Girl
Non-Smoker,Girl
Non-Smoker,Girl
Non-Smoker,Girl
Non-Smoker,Girl
Non-Smoker,Girl
Non-Smoker,Girl
Non-Smoker,Girl
Non-Smoker,Girl
Non-Smoker,Girl
Non-Smoker,Girl
Non-Smoker,Girl
Non-Smoker,Girl
Non-Smoker,Girl
Non-Smoker,Girl
Non-Smoker,Girl
Non-Smoker,Girl
Non-Smoker,Girl
Non-Smoker,Girl
Non-Smoker,Girl
Non-Smoker,Girl
Non-Smoker,Girl
Non-Smoker,Girl
Non-Smoker,Girl
Non-Smoker,Girl
Non-Smoker,Girl
Non-Smoker,Girl
Non-Smoker,Girl
Non-Smoker,Girl
Non-Smoker,Girl
Non-Smoker,Girl
Non-Smoker,Girl
Non-Smoker,Girl
Non-Smoker,Girl
Non-Smoker,Girl
Non-Smoker,Girl
Non-Smoker,Girl
Non-Smoker,Girl
Non-Smoker,Girl
Non-Smoker,Girl
Non-Smoker,Girl
Non-Smoker,Girl
Non-Smoker,Girl
Non-Smoker,Girl
Non-Smoker,Girl
Non-Smoker,Girl
Non-Smoker,Girl
Non-Smoker,Girl
Non-Smoker,Girl
Non-Smoker,Girl
Non-Smoker,Girl
Non-Smoker,Girl
Non-Smoker,Girl
Non-Smoker,Girl
Non-Smoker,Girl
Non-Smoker,Girl
Non-Smoker,Girl
Non-Smoker,Girl
Non-Smoker,Girl
Non-Smoker,Girl
Non-Smoker,Girl
Non-Smoker,Girl
Non-Smoker,Girl
Non-Smoker,Girl
Non-Smoker,Girl
Non-Smoker,Girl
Non-Smoker,Girl
Non-Smoker,Girl
Non-Smoker,Girl
Non-Smoker,Girl
Non-Smoker,Girl
Non-Smoker,Girl
Non-Smoker,Girl
Non-Smoker,Girl
Non-Smoker,Girl
Non-Smoker,Girl
Non-Smoker,Girl
Non-Smoker,Girl
Non-Smoker,Girl
Non-Smoker,Girl
Non-Smoker,Girl
Non-Smoker,Girl
Non-Smoker,Girl
Non-Smoker,Girl
Non-Smoker,Girl
Non-Smoker,Girl
Non-Smoker,Girl
Non-Smoker,Girl
Non-Smoker,Girl
Non-Smoker,Girl
Non-Smoker,Girl
Non-Smoker,Girl
Non-Smoker,Girl
Non-Smoker,Girl
Non-Smoker,Girl
Non-Smoker,Girl
Non-Smoker,Girl
Non-Smoker,Girl
Non-Smoker,Girl
Non-Smoker,Girl
Non-Smoker,Girl
Non-Smoker,Girl
Non-Smoker,Girl
Non-Smoker,Girl
Non-Smoker,Girl
Non-Smoker,Girl
Non-Smoker,Girl
Non-Smoker,Girl
Non-Smoker,Girl
Non-Smoker,Girl
Non-Smoker,Girl
Non-Smoker,Girl
Non-Smoker,Girl
Non-Smoker,Girl
Non-Smoker,Girl
Non-Smoker,Girl
Non-Smoker,Girl
Non-Smoker,Girl
Non-Smoker,Girl
Non-Smoker,Girl
Non-Smoker,Girl
Non-Smoker,Girl
Non-Smoker,Girl
Non-Smoker,Girl
Non-Smoker,Girl
Non-Smoker,Girl
Non-Smoker,Girl
Non-Smoker,Girl
Non-Smoker,Girl
Non-Smoker,Girl
Non-Smoker,Girl
Non-Smoker,Girl
Non-Smoker,Girl
Non-Smoker,Girl
Non-Smoker,Girl
Non-Smoker,Girl
Non-Smoker,Girl
Non-Smoker,Girl
Non-Smoker,Girl
Non-Smoker,Girl
Non-Smoker,Girl
Non-Smoker,Girl
Non-Smoker,Girl
Non-Smoker,Girl
Non-Smoker,Girl
Non-Smoker,Girl
Non-Smoker,Girl
Non-Smoker,Girl
Non-Smoker,Girl
Non-Smoker,Girl
Non-Smoker,Girl
Non-Smoker,Girl
Non-Smoker,Girl
Non-Smoker,Girl
Non-Smoker,Girl
Non-Smoker,Girl
Non-Smoker,Girl
Non-Smoker,Girl
Non-Smoker,Girl
Non-Smoker,Girl
Non-Smoker,Girl
Non-Smoker,Girl
Non-Smoker,Girl
Non-Smoker,Girl
Non-Smoker,Girl
Non-Smoker,Girl
Non-Smoker,Girl
Non-Smoker,Girl
Non-Smoker,Girl
Non-Smoker,Girl
Non-Smoker,Girl
Non-Smoker,Girl
Non-Smoker,Girl
Non-Smoker,Girl
Non-Smoker,Girl
Non-Smoker,Girl
Non-Smoker,Girl
Non-Smoker,Girl
Non-Smoker,Girl
Non-Smoker,Girl
Non-Smoker,Girl
Non-Smoker,Girl
Non-Smoker,Girl
Non-Smoker,Girl
Non-Smoker,Girl
Non-Smoker,Girl
Non-Smoker,Girl
Non-Smoker,Girl
Non-Smoker,Girl
Non-Smoker,Girl
Non-Smoker,Girl
Non-Smoker,Girl
Non-Smoker,Girl
Non-Smoker,Girl
Non-Smoker,Girl
Non-Smoker,Girl
Non-Smoker,Girl
Non-Smoker,Girl
Non-Smoker,Girl
Non-Smoker,Girl
Non-Smoker,Girl
Non-Smoker,Girl
Non-Smoker,Girl
Non-Smoker,Girl
Non-Smoker,Girl
Non-Smoker,Girl
Non-Smoker,Girl
Non-Smoker,Girl
Non-Smoker,Girl
Non-Smoker,Girl
Non-Smoker,Girl
Non-Smoker,Girl
Non-Smoker,Girl
Non-Smoker,Girl
Non-Smoker,Girl
Non-Smoker,Girl
Non-Smoker,Girl
Non-Smoker,Girl
Non-Smoker,Girl
Non-Smoker,Girl
Non-Smoker,Girl
Non-Smoker,Girl
Non-Smoker,Girl
Non-Smoker,Girl
Non-Smoker,Girl
Non-Smoker,Girl
Non-Smoker,Girl
Non-Smoker,Girl
Non-Smoker,Girl
Non-Smoker,Girl
Non-Smoker,Girl
Non-Smoker,Girl
Non-Smoker,Girl
Non-Smoker,Girl
Non-Smoker,Girl
Non-Smoker,Girl
Non-Smoker,Girl
Non-Smoker,Girl
Non-Smoker,Girl
Non-Smoker,Girl
Non-Smoker,Girl
Non-Smoker,Girl
Non-Smoker,Girl
Non-Smoker,Girl
Non-Smoker,Girl
Non-Smoker,Girl
Non-Smoker,Girl
Non-Smoker,Girl
Non-Smoker,Girl
Non-Smoker,Girl
Non-Smoker,Girl
Non-Smoker,Girl
Non-Smoker,Girl
Non-Smoker,Girl
Non-Smoker,Girl
Non-Smoker,Girl
Non-Smoker,Girl
Non-Smoker,Girl
Non-Smoker,Girl
Non-Smoker,Girl
Non-Smoker,Girl
Non-Smoker,Girl
Non-Smoker,Girl
Non-Smoker,Girl
Non-Smoker,Girl
Non-Smoker,Girl
Non-Smoker,Girl
Non-Smoker,Girl
Non-Smoker,Girl
Non-Smoker,Girl
Non-Smoker,Girl
Non-Smoker,Girl
Non-Smoker,Girl
Non-Smoker,Girl
Non-Smoker,Girl
Non-Smoker,Girl
Non-Smoker,Girl
Non-Smoker,Girl
Non-Smoker,Girl
Non-Smoker,Girl
Non-Smoker,Girl
Non-Smoker,Girl
Non-Smoker,Girl
Non-Smoker,Girl
Non-Smoker,Girl
Non-Smoker,Girl
Non-Smoker,Girl
Non-Smoker,Girl
Non-Smoker,Girl
Non-Smoker,Girl
Non-Smoker,Girl
Non-Smoker,Girl
Non-Smoker,Girl
Non-Smoker,Girl
Non-Smoker,Girl
Non-Smoker,Girl
Non-Smoker,Girl
Non-Smoker,Girl
Non-Smoker,Girl
Non-Smoker,Girl
Non-Smoker,Girl
Non-Smoker,Girl
Non-Smoker,Girl
Non-Smoker,Girl
Non-Smoker,Girl
Non-Smoker,Girl
Non-Smoker,Girl
Non-Smoker,Girl
Non-Smoker,Girl
Non-Smoker,Girl
Non-Smoker,Girl
Non-Smoker,Girl
Non-Smoker,Girl
Non-Smoker,Girl
Non-Smoker,Girl
Non-Smoker,Girl
Non-Smoker,Girl
Non-Smoker,Girl
Non-Smoker,Girl
Non-Smoker,Girl
Non-Smoker,Girl
Non-Smoker,Girl
Non-Smoker,Girl
Non-Smoker,Girl
Non-Smoker,Girl
Non-Smoker,Girl
Non-Smoker,Girl
Non-Smoker,Girl
Non-Smoker,Girl
Non-Smoker,Girl
Non-Smoker,Girl
Non-Smoker,Girl
Non-Smoker,Girl
Non-Smoker,Girl
Non-Smoker,Girl
Non-Smoker,Girl
Non-Smoker,Girl
Non-Smoker,Girl
Non-Smoker,Girl
Non-Smoker,Girl
Non-Smoker,Girl
Non-Smoker,Girl
Non-Smoker,Girl
Non-Smoker,Girl
Non-Smoker,Girl
Non-Smoker,Girl
Non-Smoker,Girl
Non-Smoker,Girl
Non-Smoker,Girl
Non-Smoker,Girl
Non-Smoker,Girl
Non-Smoker,Girl
Non-Smoker,Girl
Non-Smoker,Girl
Non-Smoker,Girl
Non-Smoker,Girl
Non-Smoker,Girl
Non-Smoker,Girl
Non-Smoker,Girl
Non-Smoker,Girl
Non-Smoker,Girl
Non-Smoker,Girl
Non-Smoker,Girl
Non-Smoker,Girl
Non-Smoker,Girl
Non-Smoker,Girl
Non-Smoker,Girl
Non-Smoker,Girl
Non-Smoker,Girl
Non-Smoker,Girl
Non-Smoker,Girl
Non-Smoker,Girl
Non-Smoker,Girl
Non-Smoker,Girl
Non-Smoker,Girl
Non-Smoker,Girl
Non-Smoker,Girl
Non-Smoker,Girl
Non-Smoker,Girl
Non-Smoker,Girl
Non-Smoker,Girl
Non-Smoker,Girl
Non-Smoker,Girl
Non-Smoker,Girl
Non-Smoker,Girl
Non-Smoker,Girl
Non-Smoker,Girl
Non-Smoker,Girl
Non-Smoker,Girl
Non-Smoker,Girl
Non-Smoker,Girl
Non-Smoker,Girl
Non-Smoker,Girl
Non-Smoker,Girl
Non-Smoker,Girl
Non-Smoker,Girl
Non-Smoker,Girl
Non-Smoker,Girl
Non-Smoker,Girl
Non-Smoker,Girl
Non-Smoker,Girl
Non-Smoker,Girl
Non-Smoker,Girl
Non-Smoker,Girl
Non-Smoker,Girl
Non-Smoker,Girl
Non-Smoker,Girl
Non-Smoker,Girl
Non-Smoker,Girl
Non-Smoker,Girl
Non-Smoker,Girl
Non-Smoker,Girl
Non-Smoker,Girl
Non-Smoker,Girl
Non-Smoker,Girl
Non-Smoker,Girl
Non-Smoker,Girl
Non-Smoker,Girl
Non-Smoker,Girl
Non-Smoker,Girl
Non-Smoker,Girl
Non-Smoker,Girl
Non-Smoker,Girl
Non-Smoker,Girl
Non-Smoker,Girl
Non-Smoker,Girl
Non-Smoker,Girl
Non-Smoker,Girl
Non-Smoker,Girl
Non-Smoker,Girl
Non-Smoker,Girl
Non-Smoker,Girl
Non-Smoker,Girl
Non-Smoker,Girl
Non-Smoker,Girl
Non-Smoker,Girl
Non-Smoker,Girl
Non-Smoker,Girl
Non-Smoker,Girl
Non-Smoker,Girl
Non-Smoker,Girl
Non-Smoker,Girl
Non-Smoker,Girl
Non-Smoker,Girl
Non-Smoker,Girl
Non-Smoker,Girl
Non-Smoker,Girl
Non-Smoker,Girl
Non-Smoker,Girl
Non-Smoker,Girl
Non-Smoker,Girl
Non-Smoker,Girl
Non-Smoker,Girl
Non-Smoker,Girl
Non-Smoker,Girl
Non-Smoker,Girl
Non-Smoker,Girl
Non-Smoker,Girl
Non-Smoker,Girl
Non-Smoker,Girl
Non-Smoker,Girl
Non-Smoker,Girl
Non-Smoker,Girl
Non-Smoker,Girl
Non-Smoker,Girl
Non-Smoker,Girl
Non-Smoker,Girl
Non-Smoker,Girl
Non-Smoker,Girl
Non-Smoker,Girl
Non-Smoker,Girl
Non-Smoker,Girl
Non-Smoker,Girl
Non-Smoker,Girl
Non-Smoker,Girl
Non-Smoker,Girl
Non-Smoker,Girl
Non-Smoker,Girl
Non-Smoker,Girl
Non-Smoker,Girl
Non-Smoker,Girl
Non-Smoker,Girl
Non-Smoker,Girl
Non-Smoker,Girl
Non-Smoker,Girl
Non-Smoker,Girl
Non-Smoker,Girl
Non-Smoker,Girl
Non-Smoker,Girl
Non-Smoker,Girl
Non-Smoker,Girl
Non-Smoker,Girl
Non-Smoker,Girl
Non-Smoker,Girl
Non-Smoker,Girl
Non-Smoker,Girl
Non-Smoker,Girl
Non-Smoker,Girl
Non-Smoker,Girl
Non-Smoker,Girl
Non-Smoker,Girl
Non-Smoker,Girl
Non-Smoker,Girl
Non-Smoker,Girl
Non-Smoker,Girl
Non-Smoker,Girl
Non-Smoker,Girl
Non-Smoker,Girl
Non-Smoker,Girl
Non-Smoker,Girl
Non-Smoker,Girl
Non-Smoker,Girl
Non-Smoker,Girl
Non-Smoker,Girl
Non-Smoker,Girl
Non-Smoker,Girl
Non-Smoker,Girl
Non-Smoker,Girl
Non-Smoker,Girl
Non-Smoker,Girl
Non-Smoker,Girl
Non-Smoker,Girl
Non-Smoker,Girl
Non-Smoker,Girl
Non-Smoker,Girl
Non-Smoker,Girl
Non-Smoker,Girl
Non-Smoker,Girl
Non-Smoker,Girl
Non-Smoker,Girl
Non-Smoker,Girl
Non-Smoker,Girl
Non-Smoker,Girl
Non-Smoker,Girl
Non-Smoker,Girl
Non-Smoker,Girl
Non-Smoker,Girl
Non-Smoker,Girl
Non-Smoker,Girl
Non-Smoker,Girl
Non-Smoker,Girl
Non-Smoker,Girl
Non-Smoker,Girl
Non-Smoker,Girl
Non-Smoker,Girl
Non-Smoker,Girl
Non-Smoker,Girl
Non-Smoker,Girl
Non-Smoker,Girl
Non-Smoker,Girl
Non-Smoker,Girl
Non-Smoker,Girl
Non-Smoker,Girl
Non-Smoker,Girl
Non-Smoker,Girl
Non-Smoker,Girl
Non-Smoker,Girl
Non-Smoker,Girl
Non-Smoker,Girl
Non-Smoker,Girl
Non-Smoker,Girl
Non-Smoker,Girl
Non-Smoker,Girl
Non-Smoker,Girl
Non-Smoker,Girl
Non-Smoker,Girl
Non-Smoker,Girl
Non-Smoker,Girl
Non-Smoker,Girl
Non-Smoker,Girl
Non-Smoker,Girl
Non-Smoker,Girl
Non-Smoker,Girl
Non-Smoker,Girl
Non-Smoker,Girl
Non-Smoker,Girl
Non-Smoker,Girl
Non-Smoker,Girl
Non-Smoker,Girl
Non-Smoker,Girl
Non-Smoker,Girl
Non-Smoker,Girl
Non-Smoker,Girl
Non-Smoker,Girl
Non-Smoker,Girl
Non-Smoker,Girl
Non-Smoker,Girl
Non-Smoker,Girl
Non-Smoker,Girl
Non-Smoker,Girl
Non-Smoker,Girl
Non-Smoker,Girl
Non-Smoker,Girl
Non-Smoker,Girl
Non-Smoker,Girl
Non-Smoker,Girl
Non-Smoker,Girl
Non-Smoker,Girl
Non-Smoker,Girl
Non-Smoker,Girl
Non-Smoker,Girl
Non-Smoker,Girl
Non-Smoker,Girl
Non-Smoker,Girl
Non-Smoker,Girl
Non-Smoker,Girl
Non-Smoker,Girl
Non-Smoker,Girl
Non-Smoker,Girl
Non-Smoker,Girl
Non-Smoker,Girl
Non-Smoker,Girl
Non-Smoker,Girl
Non-Smoker,Girl
Non-Smoker,Girl
Non-Smoker,Girl
Non-Smoker,Girl
Non-Smoker,Girl
Non-Smoker,Girl
Non-Smoker,Girl
Non-Smoker,Girl
Non-Smoker,Girl
Non-Smoker,Girl
Non-Smoker,Girl
Non-Smoker,Girl
Non-Smoker,Girl
Non-Smoker,Girl
Non-Smoker,Girl
Non-Smoker,Girl
Non-Smoker,Girl
Non-Smoker,Girl
Non-Smoker,Girl
Non-Smoker,Girl
Non-Smoker,Girl
Non-Smoker,Girl
Non-Smoker,Girl
Non-Smoker,Girl
Non-Smoker,Girl
Non-Smoker,Girl
Non-Smoker,Girl
Non-Smoker,Girl
Non-Smoker,Girl
Non-Smoker,Girl
Non-Smoker,Girl
Non-Smoker,Girl
Non-Smoker,Girl
Non-Smoker,Girl
Non-Smoker,Girl
Non-Smoker,Girl
Non-Smoker,Girl
Non-Smoker,Girl
Non-Smoker,Girl
Non-Smoker,Girl
Non-Smoker,Girl
Non-Smoker,Girl
Non-Smoker,Girl
Non-Smoker,Girl
Non-Smoker,Girl
Non-Smoker,Girl
Non-Smoker,Girl
Non-Smoker,Girl
Non-Smoker,Girl
Non-Smoker,Girl
Non-Smoker,Girl
Non-Smoker,Girl
Non-Smoker,Girl
Non-Smoker,Girl
Non-Smoker,Girl
Non-Smoker,Girl
Non-Smoker,Girl
Non-Smoker,Girl
Non-Smoker,Girl
Non-Smoker,Girl
Non-Smoker,Girl
Non-Smoker,Girl
Non-Smoker,Girl
Non-Smoker,Girl
Non-Smoker,Girl
Non-Smoker,Girl
Non-Smoker,Girl
Non-Smoker,Girl
Non-Smoker,Girl
Non-Smoker,Girl
Non-Smoker,Girl
Non-Smoker,Girl
Non-Smoker,Girl
Non-Smoker,Girl
Non-Smoker,Girl
Non-Smoker,Girl
Non-Smoker,Girl
Non-Smoker,Girl
Non-Smoker,Girl
Non-Smoker,Girl
Non-Smoker,Girl
Non-Smoker,Girl
Non-Smoker,Girl
Non-Smoker,Girl
Non-Smoker,Girl
Non-Smoker,Girl
Non-Smoker,Girl
Non-Smoker,Girl
Non-Smoker,Girl
Non-Smoker,Girl
Non-Smoker,Girl
Non-Smoker,Girl
Non-Smoker,Girl
Non-Smoker,Girl
Non-Smoker,Girl
Non-Smoker,Girl
Non-Smoker,Girl
Non-Smoker,Girl
Non-Smoker,Girl
Non-Smoker,Girl
Non-Smoker,Girl
Non-Smoker,Girl
Non-Smoker,Girl
Non-Smoker,Girl
Non-Smoker,Girl
Non-Smoker,Girl
Non-Smoker,Girl
Non-Smoker,Girl
Non-Smoker,Girl
Non-Smoker,Girl
Non-Smoker,Girl
Non-Smoker,Girl
Non-Smoker,Girl
Non-Smoker,Girl
Non-Smoker,Girl
Non-Smoker,Girl
Non-Smoker,Girl
Non-Smoker,Girl
Non-Smoker,Girl
Non-Smoker,Girl
Non-Smoker,Girl
Non-Smoker,Girl
Non-Smoker,Girl
Non-Smoker,Girl
Non-Smoker,Girl
Non-Smoker,Girl
Non-Smoker,Girl
Non-Smoker,Girl
Non-Smoker,Girl
Non-Smoker,Girl
Non-Smoker,Girl
Non-Smoker,Girl
Non-Smoker,Girl
Non-Smoker,Girl
Non-Smoker,Girl
Non-Smoker,Girl
Non-Smoker,Girl
Non-Smoker,Girl
Non-Smoker,Girl
Non-Smoker,Girl
Non-Smoker,Girl
Non-Smoker,Girl
Non-Smoker,Girl
Non-Smoker,Girl
Non-Smoker,Girl
Non-Smoker,Girl
Non-Smoker,Girl
Non-Smoker,Girl
Non-Smoker,Girl
Non-Smoker,Girl
Non-Smoker,Girl
Non-Smoker,Girl
Non-Smoker,Girl
Non-Smoker,Girl
Non-Smoker,Girl
Non-Smoker,Girl
Non-Smoker,Girl
Non-Smoker,Girl
Non-Smoker,Girl
Non-Smoker,Girl
Non-Smoker,Girl
Non-Smoker,Girl
Non-Smoker,Girl
Non-Smoker,Girl
Non-Smoker,Girl
Non-Smoker,Girl
Non-Smoker,Girl
Non-Smoker,Girl
Non-Smoker,Girl
Non-Smoker,Girl
Non-Smoker,Girl
Non-Smoker,Girl
Non-Smoker,Girl
Non-Smoker,Girl
Non-Smoker,Girl
Non-Smoker,Girl
Non-Smoker,Girl
Non-Smoker,Girl
Non-Smoker,Girl
Non-Smoker,Girl
Non-Smoker,Girl
Non-Smoker,Girl
Non-Smoker,Girl
Non-Smoker,Girl
Non-Smoker,Girl
Non-Smoker,Girl
Non-Smoker,Girl
Non-Smoker,Girl
Non-Smoker,Girl
Non-Smoker,Girl
Non-Smoker,Girl
Non-Smoker,Girl
Non-Smoker,Girl
Non-Smoker,Girl
Non-Smoker,Girl
Non-Smoker,Girl
Non-Smoker,Girl
Non-Smoker,Girl
Non-Smoker,Girl
Non-Smoker,Girl
Non-Smoker,Girl
Non-Smoker,Girl
Non-Smoker,Girl
Non-Smoker,Girl
Non-Smoker,Girl
Non-Smoker,Girl
Non-Smoker,Girl
Non-Smoker,Girl
Non-Smoker,Girl
Non-Smoker,Girl
Non-Smoker,Girl
Non-Smoker,Girl
Non-Smoker,Girl
Non-Smoker,Girl
Non-Smoker,Girl
Non-Smoker,Girl
Non-Smoker,Girl
Non-Smoker,Girl
Non-Smoker,Girl
Non-Smoker,Girl
Non-Smoker,Girl
Non-Smoker,Girl
Non-Smoker,Girl
Non-Smoker,Girl
Non-Smoker,Girl
Non-Smoker,Girl
Non-Smoker,Girl
Non-Smoker,Girl
Non-Smoker,Girl
Non-Smoker,Girl
Non-Smoker,Girl
Non-Smoker,Girl
Non-Smoker,Girl
Non-Smoker,Girl
Non-Smoker,Girl
Non-Smoker,Girl
Non-Smoker,Girl
Non-Smoker,Girl
Non-Smoker,Girl
Non-Smoker,Girl
Non-Smoker,Girl
Non-Smoker,Girl
Non-Smoker,Girl
Non-Smoker,Girl
Non-Smoker,Girl
Non-Smoker,Girl
Non-Smoker,Girl
Non-Smoker,Girl
Non-Smoker,Girl
Non-Smoker,Girl
Non-Smoker,Girl
Non-Smoker,Girl
Non-Smoker,Girl
Non-Smoker,Girl
Non-Smoker,Girl
Non-Smoker,Girl
Non-Smoker,Girl
Non-Smoker,Girl
Non-Smoker,Girl
Non-Smoker,Girl
Non-Smoker,Girl
Non-Smoker,Girl
Non-Smoker,Girl
Non-Smoker,Girl
Non-Smoker,Girl
Non-Smoker,Girl
Non-Smoker,Girl
Non-Smoker,Girl
Non-Smoker,Girl
Non-Smoker,Girl
Non-Smoker,Girl
Non-Smoker,Girl
Non-Smoker,Girl
Non-Smoker,Girl
Non-Smoker,Girl
Non-Smoker,Girl
Non-Smoker,Girl
Non-Smoker,Girl
Non-Smoker,Girl
Non-Smoker,Girl
Non-Smoker,Girl
Non-Smoker,Girl
Non-Smoker,Girl
Non-Smoker,Girl
Non-Smoker,Girl
Non-Smoker,Girl
Non-Smoker,Girl
Non-Smoker,Girl
Non-Smoker,Girl
Non-Smoker,Girl
Non-Smoker,Girl
Non-Smoker,Girl
Non-Smoker,Girl
Non-Smoker,Girl
Non-Smoker,Girl
Non-Smoker,Girl
Non-Smoker,Girl
Non-Smoker,Girl
Non-Smoker,Girl
Non-Smoker,Girl
Non-Smoker,Girl
Non-Smoker,Girl
Non-Smoker,Girl
Non-Smoker,Girl
Non-Smoker,Girl
Non-Smoker,Girl
Non-Smoker,Girl
Non-Smoker,Girl
Non-Smoker,Girl
Non-Smoker,Girl
Non-Smoker,Girl
Non-Smoker,Girl
Non-Smoker,Girl
Non-Smoker,Girl
Non-Smoker,Girl
Non-Smoker,Girl
Non-Smoker,Girl
Non-Smoker,Girl
Non-Smoker,Girl
Non-Smoker,Girl
Non-Smoker,Girl
Non-Smoker,Girl
Non-Smoker,Girl
Non-Smoker,Girl
Non-Smoker,Girl
Non-Smoker,Girl
Non-Smoker,Girl
Non-Smoker,Girl
Non-Smoker,Girl
Non-Smoker,Girl
Non-Smoker,Girl
Non-Smoker,Girl
Non-Smoker,Girl
Non-Smoker,Girl
Non-Smoker,Girl
Non-Smoker,Girl
Non-Smoker,Girl
Non-Smoker,Girl
Non-Smoker,Girl
Non-Smoker,Girl
Non-Smoker,Girl
Non-Smoker,Girl
Non-Smoker,Girl
Non-Smoker,Girl
Non-Smoker,Girl
Non-Smoker,Girl
Non-Smoker,Girl
Non-Smoker,Girl
Non-Smoker,Girl
Non-Smoker,Girl
Non-Smoker,Girl
Non-Smoker,Girl
Non-Smoker,Girl
Non-Smoker,Girl
Non-Smoker,Girl
Non-Smoker,Girl
Non-Smoker,Girl
Non-Smoker,Girl
Non-Smoker,Girl
Non-Smoker,Girl
Non-Smoker,Girl
Non-Smoker,Girl
Non-Smoker,Girl
Non-Smoker,Girl
Non-Smoker,Girl
Non-Smoker,Girl
Non-Smoker,Girl
Non-Smoker,Girl
Non-Smoker,Girl
Non-Smoker,Girl
Non-Smoker,Girl
Non-Smoker,Girl
Non-Smoker,Girl
Non-Smoker,Girl
Non-Smoker,Girl
Non-Smoker,Girl
Non-Smoker,Girl
Non-Smoker,Girl
Non-Smoker,Girl
Non-Smoker,Girl
Non-Smoker,Girl
Non-Smoker,Girl
Non-Smoker,Girl
Non-Smoker,Girl
Non-Smoker,Girl
Non-Smoker,Girl
Non-Smoker,Girl
Non-Smoker,Girl
Non-Smoker,Girl
Non-Smoker,Girl
Non-Smoker,Girl
Non-Smoker,Girl
Non-Smoker,Girl
Non-Smoker,Girl
Non-Smoker,Girl
Non-Smoker,Girl
Non-Smoker,Girl
Non-Smoker,Girl
Non-Smoker,Girl
Non-Smoker,Girl
Non-Smoker,Girl
Non-Smoker,Girl
Non-Smoker,Girl
Non-Smoker,Girl
Non-Smoker,Girl
Non-Smoker,Girl
Non-Smoker,Girl
Non-Smoker,Girl
Non-Smoker,Girl
Non-Smoker,Girl
Non-Smoker,Girl
Non-Smoker,Girl
Non-Smoker,Girl
Non-Smoker,Girl
Non-Smoker,Girl
Non-Smoker,Girl
Non-Smoker,Girl
Non-Smoker,Girl
Non-Smoker,Girl
Non-Smoker,Girl
Non-Smoker,Girl
Non-Smoker,Girl
Non-Smoker,Girl
Non-Smoker,Girl
Non-Smoker,Girl
Non-Smoker,Girl
Non-Smoker,Girl
Non-Smoker,Girl
Non-Smoker,Girl
Non-Smoker,Girl
Non-Smoker,Girl
Non-Smoker,Girl
Non-Smoker,Girl
Non-Smoker,Girl
Non-Smoker,Girl
Non-Smoker,Girl
Non-Smoker,Girl
Non-Smoker,Girl
Non-Smoker,Girl
Non-Smoker,Girl
Non-Smoker,Girl
Non-Smoker,Girl
Non-Smoker,Girl
Non-Smoker,Girl
Non-Smoker,Girl
Non-Smoker,Girl
Non-Smoker,Girl
Non-Smoker,Girl
Non-Smoker,Girl
Non-Smoker,Girl
Non-Smoker,Girl
Non-Smoker,Girl
Non-Smoker,Girl
Non-Smoker,Girl
Non-Smoker,Girl
Non-Smoker,Girl
Non-Smoker,Girl
Non-Smoker,Girl
Non-Smoker,Girl
Non-Smoker,Girl
Non-Smoker,Girl
Non-Smoker,Girl
Non-Smoker,Girl
Non-Smoker,Girl
Non-Smoker,Girl
Non-Smoker,Girl
Non-Smoker,Girl
Non-Smoker,Girl
Non-Smoker,Girl
Non-Smoker,Girl
Non-Smoker,Girl
Non-Smoker,Girl
Non-Smoker,Girl
Non-Smoker,Girl
Non-Smoker,Girl
Non-Smoker,Girl
Non-Smoker,Girl
Non-Smoker,Girl
Non-Smoker,Girl
Non-Smoker,Girl
Non-Smoker,Girl
Non-Smoker,Girl
Non-Smoker,Girl
Non-Smoker,Girl
Non-Smoker,Girl
Non-Smoker,Girl
Non-Smoker,Girl
Non-Smoker,Girl
Non-Smoker,Girl
Non-Smoker,Girl
Non-Smoker,Girl
Non-Smoker,Girl
Non-Smoker,Girl
Non-Smoker,Girl
Non-Smoker,Girl
Non-Smoker,Girl
Non-Smoker,Girl
Non-Smoker,Girl
Non-Smoker,Girl
Non-Smoker,Girl
Non-Smoker,Girl
Non-Smoker,Girl
Non-Smoker,Girl
Non-Smoker,Girl
Non-Smoker,Girl
Non-Smoker,Girl
Non-Smoker,Girl
Non-Smoker,Girl
Non-Smoker,Girl
Non-Smoker,Girl
Non-Smoker,Girl
Non-Smoker,Girl
Non-Smoker,Girl
Non-Smoker,Girl
Non-Smoker,Girl
Non-Smoker,Girl
Non-Smoker,Girl
Non-Smoker,Girl
Non-Smoker,Girl
Non-Smoker,Girl
Non-Smoker,Girl
Non-Smoker,Girl
Non-Smoker,Girl
Non-Smoker,Girl
Non-Smoker,Girl
Non-Smoker,Girl
Non-Smoker,Girl
Non-Smoker,Girl
Non-Smoker,Girl
Non-Smoker,Girl
Non-Smoker,Girl
Non-Smoker,Girl
Non-Smoker,Girl
Non-Smoker,Girl
Non-Smoker,Girl
Non-Smoker,Girl
Non-Smoker,Girl
Non-Smoker,Girl
Non-Smoker,Girl
Non-Smoker,Girl
Non-Smoker,Girl
Non-Smoker,Girl
Non-Smoker,Girl
Non-Smoker,Girl
Non-Smoker,Girl
Non-Smoker,Girl
Non-Smoker,Girl
Non-Smoker,Girl
Non-Smoker,Girl
Non-Smoker,Girl
Non-Smoker,Girl
Non-Smoker,Girl
Non-Smoker,Girl
Non-Smoker,Girl
Non-Smoker,Girl
Non-Smoker,Girl
Non-Smoker,Girl
Non-Smoker,Girl
Non-Smoker,Girl
Non-Smoker,Girl
Non-Smoker,Girl
Non-Smoker,Girl
Non-Smoker,Girl
Non-Smoker,Girl
Non-Smoker,Girl
Non-Smoker,Girl
Non-Smoker,Girl
Non-Smoker,Girl
Non-Smoker,Girl
Non-Smoker,Girl
Non-Smoker,Girl
Non-Smoker,Girl
Non-Smoker,Girl
Non-Smoker,Girl
Non-Smoker,Girl
Non-Smoker,Girl
Non-Smoker,Girl
Non-Smoker,Girl
Non-Smoker,Girl
Non-Smoker,Girl
Non-Smoker,Girl
Non-Smoker,Girl
Non-Smoker,Girl
Non-Smoker,Girl
Non-Smoker,Girl
Non-Smoker,Girl
Non-Smoker,Girl
Non-Smoker,Girl
Non-Smoker,Girl
Non-Smoker,Girl
Non-Smoker,Girl
Non-Smoker,Girl
Non-Smoker,Girl
Non-Smoker,Girl
Non-Smoker,Girl
Non-Smoker,Girl
Non-Smoker,Girl
Non-Smoker,Girl
Non-Smoker,Girl
Non-Smoker,Girl
Non-Smoker,Girl
Non-Smoker,Girl
Non-Smoker,Girl
Non-Smoker,Girl
Non-Smoker,Girl
Non-Smoker,Girl
Non-Smoker,Girl
Non-Smoker,Girl
Non-Smoker,Girl
Non-Smoker,Girl
Non-Smoker,Girl
Non-Smoker,Girl
Non-Smoker,Girl
Non-Smoker,Girl
Non-Smoker,Girl
Non-Smoker,Girl
Non-Smoker,Girl
Non-Smoker,Girl
Non-Smoker,Girl
Non-Smoker,Girl
Non-Smoker,Girl
Non-Smoker,Girl
Non-Smoker,Girl
Non-Smoker,Girl
Non-Smoker,Girl
Non-Smoker,Girl
Non-Smoker,Girl
Non-Smoker,Girl
Non-Smoker,Girl
Non-Smoker,Girl
Non-Smoker,Girl
Non-Smoker,Girl
Non-Smoker,Girl
Non-Smoker,Girl
Non-Smoker,Girl
Non-Smoker,Girl
Non-Smoker,Girl
Non-Smoker,Girl
Non-Smoker,Girl
Non-Smoker,Girl
Non-Smoker,Girl
Non-Smoker,Girl
Non-Smoker,Girl
Non-Smoker,Girl
Non-Smoker,Girl
Non-Smoker,Girl
Non-Smoker,Girl
Non-Smoker,Girl
Non-Smoker,Girl
Non-Smoker,Girl
Non-Smoker,Girl
Non-Smoker,Girl
Non-Smoker,Girl
Non-Smoker,Girl
Non-Smoker,Girl
Non-Smoker,Girl
Non-Smoker,Girl
Non-Smoker,Girl
Non-Smoker,Girl
Non-Smoker,Girl
Non-Smoker,Girl
Non-Smoker,Girl
Non-Smoker,Girl
Non-Smoker,Girl
Non-Smoker,Girl
Non-Smoker,Girl
Non-Smoker,Girl
Non-Smoker,Girl
Non-Smoker,Girl
Non-Smoker,Girl
Non-Smoker,Girl
Non-Smoker,Girl
Non-Smoker,Girl
Non-Smoker,Girl
Non-Smoker,Girl
Non-Smoker,Girl
Non-Smoker,Girl
Non-Smoker,Girl
Non-Smoker,Girl
Non-Smoker,Girl
Non-Smoker,Girl
Non-Smoker,Girl
Non-Smoker,Girl
Non-Smoker,Girl
Non-Smoker,Girl
Non-Smoker,Girl
Non-Smoker,Girl
Non-Smoker,Girl
Non-Smoker,Girl
Non-Smoker,Girl
Non-Smoker,Girl
Non-Smoker,Girl
Non-Smoker,Girl
Non-Smoker,Girl
Non-Smoker,Girl
Non-Smoker,Girl
Non-Smoker,Girl
Non-Smoker,Girl
Non-Smoker,Girl
Non-Smoker,Girl
Non-Smoker,Girl
Non-Smoker,Girl
Non-Smoker,Girl
Non-Smoker,Girl
Non-Smoker,Girl
Non-Smoker,Girl
Non-Smoker,Girl
Non-Smoker,Girl
Non-Smoker,Girl
Non-Smoker,Girl
Non-Smoker,Girl
Non-Smoker,Girl
Non-Smoker,Girl
Non-Smoker,Girl
Non-Smoker,Girl
Non-Smoker,Girl
Non-Smoker,Girl
Non-Smoker,Girl
Non-Smoker,Girl
Non-Smoker,Girl
Non-Smoker,Girl
Non-Smoker,Girl
Non-Smoker,Girl
Non-Smoker,Girl
Non-Smoker,Girl
Non-Smoker,Girl
Non-Smoker,Girl
Non-Smoker,Girl
Non-Smoker,Girl
Non-Smoker,Girl
Non-Smoker,Girl
Non-Smoker,Girl
Non-Smoker,Girl
Non-Smoker,Girl
Non-Smoker,Girl
Non-Smoker,Girl
Non-Smoker,Girl
Non-Smoker,Girl
Non-Smoker,Girl
Non-Smoker,Girl
Non-Smoker,Girl
Non-Smoker,Girl
Non-Smoker,Girl
Non-Smoker,Girl
Non-Smoker,Girl
Non-Smoker,Girl
Non-Smoker,Girl
Non-Smoker,Girl
Non-Smoker,Girl
Non-Smoker,Girl
Non-Smoker,Girl
Non-Smoker,Girl
Non-Smoker,Girl
Non-Smoker,Girl
Non-Smoker,Girl
Non-Smoker,Girl
Non-Smoker,Girl
Non-Smoker,Girl
Non-Smoker,Girl
Non-Smoker,Girl
Non-Smoker,Girl
Non-Smoker,Girl
Non-Smoker,Girl
Non-Smoker,Girl
Non-Smoker,Girl
Non-Smoker,Girl
Non-Smoker,Girl
Non-Smoker,Girl
Non-Smoker,Girl
Non-Smoker,Girl
Non-Smoker,Girl
Non-Smoker,Girl
Non-Smoker,Girl
Non-Smoker,Girl
Non-Smoker,Girl
Non-Smoker,Girl
Non-Smoker,Girl
Non-Smoker,Girl
Non-Smoker,Girl
Non-Smoker,Girl
Non-Smoker,Girl
Non-Smoker,Girl
Non-Smoker,Girl
Non-Smoker,Girl
Non-Smoker,Girl
Non-Smoker,Girl
Non-Smoker,Girl
Non-Smoker,Girl
Non-Smoker,Girl
Non-Smoker,Girl
Non-Smoker,Girl
Non-Smoker,Girl
Non-Smoker,Girl
Non-Smoker,Girl
Non-Smoker,Girl
Non-Smoker,Girl
Non-Smoker,Girl
Non-Smoker,Girl
Non-Smoker,Girl
Non-Smoker,Girl
Non-Smoker,Girl
Non-Smoker,Girl
Non-Smoker,Girl
Non-Smoker,Girl
Non-Smoker,Girl
Non-Smoker,Girl
Non-Smoker,Girl
Non-Smoker,Girl
Non-Smoker,Girl
Non-Smoker,Girl
Non-Smoker,Girl
Non-Smoker,Girl
Non-Smoker,Girl
Non-Smoker,Girl
Non-Smoker,Girl
Non-Smoker,Girl
Non-Smoker,Girl
Non-Smoker,Girl
Non-Smoker,Girl
Non-Smoker,Girl
Non-Smoker,Girl
Non-Smoker,Girl
Non-Smoker,Girl
Non-Smoker,Girl
Non-Smoker,Girl
Non-Smoker,Girl
Non-Smoker,Girl
Non-Smoker,Girl
Non-Smoker,Girl
Non-Smoker,Girl
Non-Smoker,Girl
Non-Smoker,Girl
Non-Smoker,Girl
Non-Smoker,Girl
Non-Smoker,Girl
Non-Smoker,Girl
Non-Smoker,Girl
Non-Smoker,Girl
Non-Smoker,Girl
Non-Smoker,Girl
Non-Smoker,Girl
Non-Smoker,Girl
Non-Smoker,Girl
Non-Smoker,Girl
Non-Smoker,Girl
Non-Smoker,Girl
Non-Smoker,Girl
Non-Smoker,Girl
Non-Smoker,Girl
Non-Smoker,Girl
Non-Smoker,Girl
Non-Smoker,Girl
Non-Smoker,Girl
Non-Smoker,Girl
Non-Smoker,Girl
Non-Smoker,Girl
Non-Smoker,Girl
Non-Smoker,Girl
Non-Smoker,Girl
Non-Smoker,Girl
Non-Smoker,Girl
Non-Smoker,Girl
Non-Smoker,Girl
Non-Smoker,Girl
Non-Smoker,Girl
Non-Smoker,Girl
Non-Smoker,Girl
Non-Smoker,Girl
Non-Smoker,Girl
Non-Smoker,Girl
Non-Smoker,Girl
Non-Smoker,Girl
Non-Smoker,Girl
Non-Smoker,Girl
Non-Smoker,Girl
Non-Smoker,Girl
Non-Smoker,Girl
Non-Smoker,Girl
Non-Smoker,Girl
Non-Smoker,Girl
Non-Smoker,Girl
Non-Smoker,Girl
Non-Smoker,Girl
Non-Smoker,Girl
Non-Smoker,Girl
Non-Smoker,Girl
Non-Smoker,Girl
Non-Smoker,Girl
Non-Smoker,Girl
Non-Smoker,Girl
Non-Smoker,Girl
Non-Smoker,Girl
Non-Smoker,Girl
Non-Smoker,Girl
Non-Smoker,Girl
Non-Smoker,Girl
